meeting_id,score_speechrate,score_intensity,score_f0var,y_nonverbal,mean_gap,mean_gap_filled,score_pause,y_nonverbal_with_pause
tv001,0.07084449157848205,0.16149068322981366,0.8198757763975155,0.35073698373527046,0.6956249999999997,0.6956249999999997,0.8930743243243244,0.48632131888253394
tv002,0.0,0.2360248447204969,0.2857142857142858,0.1739130434782609,0.0,0.0,0.0,0.13043478260869568
tv003,0.0,0.17391304347826086,0.21118012422360244,0.12836438923395443,0.0,0.0,0.0,0.09627329192546583
tv004,0.0,0.7577639751552795,0.5838509316770186,0.44720496894409933,,0.0,0.0,0.3354037267080745
tv005,0.17940364847341872,0.6956521739130435,0.17391304347826098,0.3496562886215744,0.2649999999999997,0.2649999999999997,1.0,0.5122422164661808
tv006,0.8269981863335136,0.5031055900621118,0.31055900621118004,0.5468875942022685,0.176,0.176,1.0,0.6601656956517014
tv007,0.0,0.8260869565217391,0.9192546583850931,0.5817805383022775,0.11999999999999979,0.11999999999999979,1.0,0.6863354037267081
tv008,0.0,0.7018633540372671,0.6459627329192547,0.4492753623188406,0.0,0.0,0.0,0.33695652173913043
tv009,0.03997369942824314,0.5217391304347826,0.8571428571428571,0.4729518956686276,0.0,0.0,0.0,0.3547139217514707
tv010,0.0,0.06832298136645963,0.037267080745341685,0.03519668737060044,0.0,0.0,0.0,0.02639751552795033
tv011,0.1011931435626261,0.9254658385093167,0.7826086956521738,0.6030892259080388,0.0,0.0,0.0,0.45231691943102914
tv012,0.0,0.11180124223602485,0.31055900621118004,0.14078674948240164,0.0,0.0,0.0,0.10559006211180122
tv013,0.0,0.8944099378881988,0.11180124223602483,0.3354037267080745,0.0,0.0,0.0,0.2515527950310559
tv014,0.0,0.453416149068323,0.8944099378881987,0.4492753623188406,,0.0,0.0,0.33695652173913043
tv015,0.0,0.639751552795031,0.906832298136646,0.5155279503105591,,0.0,0.0,0.3866459627329193
tv016,1.0,0.937888198757764,0.07453416149068315,0.670807453416149,0.0,0.0,0.0,0.5031055900621118
tv017,0.9801459854014603,0.2981366459627329,0.18633540372670798,0.48820601169696703,,0.0,0.0,0.36615450877272526
tv018,0.0,0.07453416149068323,0.2732919254658386,0.11594202898550728,0.0,0.0,0.0,0.08695652173913046
tv019,0.6666939896529334,0.19875776397515527,0.9813664596273293,0.6156060710851393,2.5353846153846153,2.5353846153846153,0.39584199584199586,0.5606650522743535
tv020,0.0,0.7639751552795031,0.5714285714285714,0.44513457556935815,2.5014,2.5014,0.4050270270270271,0.4351076884337754
tv021,0.291561475174678,0.515527950310559,0.8819875776397517,0.5630256677083295,2.2066666666666657,2.2066666666666657,0.48468468468468495,0.5434404219524184
tv022,0.7938933461593356,0.5093167701863354,0.9565217391304348,0.7532439518253686,2.3033333333333323,2.3033333333333323,0.45855855855855876,0.6795726035086662
tv023,0.586965601921432,0.09316770186335403,0.7329192546583851,0.4710175194810571,2.1144444444444437,2.1144444444444437,0.5096096096096099,0.4806655420131953
tv024,1.0,0.7763975155279503,0.6459627329192548,0.8074534161490684,0.0,0.0,0.0,0.6055900621118013
tv025,0.18212470596182317,0.6459627329192547,0.8322981366459627,0.5534618585090135,0.0,0.0,0.0,0.4150963938817601
tv026,0.278076411820922,0.9751552795031055,0.2981366459627329,0.5171227790955868,,0.0,0.0,0.3878420843216901
tv027,0.0,0.7950310559006211,0.6086956521739131,0.46790890269151136,0.0,0.0,0.0,0.35093167701863354
tv028,0.0,0.38509316770186336,0.08695652173913038,0.15734989648033124,0.0,0.0,0.0,0.11801242236024843
tv029,0.0,0.36024844720496896,0.2360248447204969,0.1987577639751553,0.0,0.0,0.0,0.14906832298136646
tv030,0.16844335206713268,0.6583850931677019,0.6086956521739131,0.47850803246958257,0.0,0.0,0.0,0.35888102435218694
tv031,0.0,0.7453416149068323,0.7701863354037266,0.5051759834368529,0.0,0.0,0.0,0.3788819875776397
tv032,1.0,0.6894409937888198,0.21118012422360244,0.6335403726708074,0.3599999999999994,0.3599999999999994,0.983783783783784,0.7211012254490515
tv033,0.0,0.2546583850931677,0.5838509316770186,0.2795031055900621,0.0,0.0,0.0,0.20962732919254656
tv034,0.7030112540539859,0.15527950310559005,0.0993788819875776,0.31922321304905116,,0.0,0.0,0.23941740978678838
tv035,0.9261592975367652,0.577639751552795,0.84472049689441,0.7828398486613234,0.0,0.0,0.0,0.5871298864959925
tv036,1.0,0.6521739130434783,0.5093167701863354,0.7204968944099379,0.0,0.0,0.0,0.5403726708074534
tv037,0.7297834750811457,0.84472049689441,0.3850931677018634,0.6531990465591397,2.4799999999999995,2.4799999999999995,0.41081081081081094,0.5926019876220575
tv038,0.23119611375750182,0.14285714285714285,0.1987577639751552,0.19093700686326662,,0.0,0.0,0.14320275514744996
tv039,0.18089459078969394,0.18633540372670807,0.6211180124223603,0.3294493356462541,0.0,0.0,0.0,0.2470870017346906
tv040,1.0,0.6645962732919255,0.16149068322981375,0.6086956521739131,0.0,0.0,0.0,0.4565217391304348
tv041,0.8012634694473121,0.2608695652173913,0.2981366459627328,0.45342322687581205,0.0,0.0,0.0,0.34006742015685903
tv042,0.49000011216155936,0.08695652173913043,0.8198757763975155,0.4656108034327351,0.0,0.0,0.0,0.3492081025745513
tv043,0.7132121510388503,0.8757763975155279,0.36024844720496896,0.6497456652531157,0.0,0.0,0.0,0.4873092489398368
tv044,0.6087189194906122,0.8198757763975155,0.1366459627329193,0.5217468862070157,0.0,0.0,0.0,0.39131016465526175
tv045,0.6205147822982223,0.8322981366459627,0.12422360248447206,0.525678840476219,0.7399999999999993,0.7399999999999993,0.8810810810810813,0.6145294006274347
tv046,1.0,0.5590062111801242,0.12422360248447206,0.5610766045548654,,0.0,0.0,0.42080745341614906
tv047,0.0,0.5900621118012422,0.0993788819875776,0.22981366459627328,,0.0,0.0,0.17236024844720496
tv048,0.11144419210666534,0.7515527950310559,0.484472049689441,0.4491563456090541,0.0,0.0,0.0,0.33686725920679056
tv049,1.0,0.5714285714285714,0.7080745341614907,0.7598343685300207,0.0,0.0,0.0,0.5698757763975155
tv050,0.8039331074643883,0.049689440993788817,0.9316770186335404,0.5950998556972392,1.5819999999999994,1.5819999999999994,0.6535135135135137,0.6097032701513079
tv051,0.0,0.6086956521739131,0.16149068322981364,0.2567287784679089,,0.0,0.0,0.19254658385093168
tv052,0.8251425111912951,0.19254658385093168,0.9813664596273292,0.6663518515565187,0.0,0.0,0.0,0.49976388866738897
tv053,1.0,0.4658385093167702,0.5714285714285714,0.6790890269151139,0.0,0.0,0.0,0.5093167701863354
tv054,0.0,0.6024844720496895,0.2360248447204969,0.27950310559006214,0.0,0.0,0.0,0.2096273291925466
tv055,0.6331826401446655,0.4161490683229814,0.17391304347826086,0.4077482506486359,,0.0,0.0,0.30581118798647694
tv056,0.7460287042137317,0.40372670807453415,0.8322981366459627,0.6606845163114096,0.0,0.0,0.0,0.49551338723355715
tv057,0.6411243021908252,0.9316770186335404,0.8695652173913043,0.8141221794052234,0.0,0.0,0.0,0.6105916345539175
tv058,0.07734926914833906,0.968944099378882,0.5465838509316769,0.530959073152966,0.0,0.0,0.0,0.3982193048647245
tv059,0.19671851803710094,0.6273291925465838,0.3354037267080745,0.38648381243058644,0.0,0.0,0.0,0.2898628593229398
tv060,0.6767389285767793,0.6149068322981367,0.6583850931677019,0.6500102846808726,0.6130769230769224,0.6130769230769224,0.9153846153846156,0.7163538673568084
tv061,1.0,0.031055900621118012,0.6708074534161491,0.567287784679089,0.0,0.0,0.0,0.42546583850931674
tv062,0.6427546138072444,0.39751552795031053,0.1366459627329193,0.39230536816349143,,0.0,0.0,0.2942290261226186
tv063,0.6138846756597056,0.9565217391304348,0.3850931677018634,0.6518331941640013,0.0,0.0,0.0,0.48887489562300096
tv064,0.0,0.35403726708074534,0.26086956521739135,0.2049689440993789,,0.0,0.0,0.15372670807453417
tv065,0.24520106416124143,0.3167701863354037,0.0496894409937888,0.20388689716347796,,0.0,0.0,0.15291517287260847
tv066,0.2722641036658473,0.10559006211180125,0.7577639751552795,0.378539380310976,0.0,0.0,0.0,0.283904535233232
tv067,1.0,0.5652173913043478,0.4223602484472049,0.6625258799171841,0.22571428571428648,0.22571428571428648,1.0,0.7468944099378881
tv068,0.26726149694106205,0.7701863354037267,0.5590062111801242,0.5321513478416376,0.0,0.0,0.0,0.39911351088122826
tv069,0.9147546964660179,0.37888198757763975,0.5341614906832298,0.6092660582422958,0.0,0.0,0.0,0.45694954368172186
tv070,1.0,0.8571428571428571,0.9192546583850931,0.9254658385093167,,0.0,0.0,0.6940993788819876
tv071,1.0,0.7888198757763976,0.1863354037267081,0.6583850931677019,0.0,0.0,0.0,0.49378881987577644
tv072,0.0,0.012422360248447204,0.5590062111801242,0.19047619047619047,3.335555555555552,3.335555555555552,0.17957957957958048,0.18775203775203797
tv073,1.0,0.9440993788819876,0.9937888198757764,0.979296066252588,0.0,0.0,0.0,0.734472049689441
tv074,0.0,0.018633540372670808,0.08695652173913038,0.035196687370600395,0.0,0.0,0.0,0.026397515527950298
tv075,0.4273255637377904,0.8385093167701864,0.5962732919254659,0.6207027241444809,0.0,0.0,0.0,0.4655270431083607
tv076,0.9917920424661872,0.5341614906832298,0.06211180124223603,0.5293551114638843,0.0,0.0,0.0,0.3970163335979132
tv077,0.660539896492321,0.9130434782608695,0.012422360248447228,0.5286685783338793,0.0,0.0,0.0,0.39650143375040947
tv078,0.09452034885034732,0.9192546583850931,0.07453416149068326,0.3627697229087079,0.5000000000000004,0.5000000000000004,0.9459459459459458,0.5085637786680174
tv079,0.5014653627305092,0.4720496894409938,0.24844720496894412,0.40732075238014903,,0.0,0.0,0.3054905642851118
tv080,0.0,0.4906832298136646,0.11180124223602483,0.20082815734989645,,0.0,0.0,0.15062111801242234
tv081,1.0,0.2236024844720497,0.484472049689441,0.5693581780538303,2.2874999999999996,2.2874999999999996,0.46283783783783794,0.5427280929998322
tv082,0.1760359110880847,0.7329192546583851,0.22360248447204967,0.3775192167395065,0.0,0.0,0.0,0.2831394125546299
tv083,1.0,0.6708074534161491,0.3229813664596273,0.6645962732919255,0.0,0.0,0.0,0.4984472049689441
tv084,0.5378543088354331,0.33540372670807456,0.024844720496894457,0.2993675853468007,,0.0,0.0,0.2245256890101005
tv085,0.0,0.024844720496894408,0.49689440993788825,0.1739130434782609,10.415,10.415,0.0,0.13043478260869568
tv086,0.9093953080143983,0.2670807453416149,0.7080745341614907,0.6281835291725012,10.11,10.11,0.0,0.4711376468793759
tv087,0.0,0.3416149068322981,0.0,0.11387163561076603,,0.0,0.0,0.08540372670807453
tv088,0.9954107835572517,0.7142857142857143,0.670807453416149,0.7935013170863717,0.6499999999999998,0.6499999999999998,0.9054054054054055,0.8214773391661301
tv089,0.9147992422623004,0.5838509316770186,0.6335403726708074,0.7107301822033755,0.41444444444444806,0.41444444444444806,0.9690690690690681,0.7753149039197986
tv090,0.971181640816444,0.40993788819875776,0.6583850931677018,0.6798348740609678,0.0,0.0,0.0,0.5098761555457259
tv091,1.0,0.5403726708074534,0.9068322981366459,0.8157349896480331,0.0,0.0,0.0,0.6118012422360248
tv092,1.0,0.43478260869565216,0.546583850931677,0.6604554865424431,,0.0,0.0,0.4953416149068323
tv093,0.7126030624263837,0.9627329192546584,0.5217391304347826,0.732358370705275,,0.0,0.0,0.5492687780289562
tv094,0.6385869258975259,0.422360248447205,0.2732919254658386,0.4447463666035231,0.0,0.0,0.0,0.33355977495264233
tv095,0.09859443987707284,0.14906832298136646,0.45962732919254656,0.2357633640169953,0.011666666666666709,0.011666666666666709,0.11666666666666708,0.20598918967941326
tv096,0.0,0.13043478260869565,0.9440993788819876,0.3581780538302277,1.176666666666667,1.176666666666667,0.763063063063063,0.45939930613843655
tv097,0.8239815932938566,0.8881987577639752,0.422360248447205,0.7115135331683455,0.0,0.0,0.0,0.5336351498762592
tv098,0.0,0.043478260869565216,0.5962732919254659,0.21325051759834368,0.0,0.0,0.0,0.15993788819875776
tv099,0.0,0.055900621118012424,0.049689440993788914,0.035196687370600444,,0.0,0.0,0.026397515527950333
tv100,0.0,0.4409937888198758,0.012422360248447228,0.15113871635610768,0.0,0.0,0.0,0.11335403726708075
tv101,1.0,0.906832298136646,0.9316770186335404,0.9461697722567287,0.4411764705882357,0.4411764705882357,0.9618441971383147,0.9500883784771252
tv102,0.5746562063079068,0.9937888198757764,0.3726708074534162,0.6470386112123664,0.0,0.0,0.0,0.4852789584092748
tv103,0.7217253503870165,0.34782608695652173,0.9440993788819876,0.6712169387418419,0.29333333333333417,0.29333333333333417,1.0,0.7534127040563814
tv104,0.6746548986048895,0.13664596273291926,0.34782608695652173,0.3863756494314435,0.3120000000000005,0.3120000000000005,0.9967567567567566,0.5389709262627718
tv105,0.0,0.16770186335403728,0.39751552795031064,0.1884057971014493,0.0,0.0,0.0,0.14130434782608697
tv106,0.0,0.9813664596273292,0.7204968944099379,0.567287784679089,0.0,0.0,0.0,0.42546583850931674
tv107,1.0,1.0,0.2857142857142857,0.7619047619047619,,0.0,0.0,0.5714285714285714
tv108,0.6272752299575277,0.7204968944099379,0.968944099378882,0.7722387412487826,0.0,0.0,0.0,0.5791790559365869
tv109,0.0,0.42857142857142855,0.49689440993788825,0.30848861283643897,0.0,0.0,0.0,0.2313664596273292
tv110,1.0,0.2422360248447205,0.8819875776397516,0.7080745341614908,0.0,0.0,0.0,0.5310559006211181
tv111,1.0,0.18012422360248448,0.4720496894409938,0.5507246376811594,0.0,0.0,0.0,0.41304347826086957
tv112,0.5636423098774124,0.5962732919254659,0.8074534161490683,0.6557896726506488,1.0800000000000007,1.0800000000000007,0.789189189189189,0.6891395517852839
tv113,1.0,0.8633540372670807,0.14906832298136652,0.670807453416149,0.0,0.0,0.0,0.5031055900621118
tv114,0.6013726113238862,0.6211180124223602,0.6211180124223602,0.6145362120562021,0.3866666666666667,0.3866666666666667,0.9765765765765766,0.7050463031862957
tv115,0.25585782629686715,0.4782608695652174,0.6956521739130435,0.47659028992504265,,0.0,0.0,0.357442717443782
tv116,0.4910624894676836,0.5279503105590062,0.6832298136645962,0.567414204563762,1.9957142857142862,1.9957142857142862,0.5416988416988415,0.560985363847532
tv117,0.0,0.36645962732919257,0.7950310559006211,0.3871635610766046,3.437142857142857,3.437142857142857,0.15212355212355222,0.3284035588383415
tv118,1.0,0.9503105590062112,0.8944099378881988,0.94824016563147,0.0,0.0,0.0,0.7111801242236024
tv119,0.3811235888244715,0.8819875776397516,0.40993788819875776,0.5576830182209936,0.0,0.0,0.0,0.4182622636657452
tv120,0.0,0.391304347826087,0.7950310559006211,0.39544513457556935,,0.0,0.0,0.296583850931677
tv121,0.0,0.6335403726708074,0.7204968944099379,0.4513457556935818,0.0,0.0,0.0,0.33850931677018636
tv122,0.4488639565189514,0.7080745341614907,0.6335403726708075,0.5968262877837499,0.0,0.0,0.0,0.4476197158378124
tv123,0.0,0.8509316770186336,0.5217391304347827,0.4575569358178055,0.0,0.0,0.0,0.3431677018633541
tv124,0.5027097892573993,0.6770186335403726,0.4720496894409938,0.5505927040795885,0.0650000000000001,0.0650000000000001,0.6500000000000009,0.5754445280596916
tv125,0.18523270830337868,0.8012422360248447,0.8571428571428572,0.6145392671570269,0.0,0.0,0.0,0.46090445036777017
tv126,1.0,0.7391304347826086,0.39751552795031053,0.712215320910973,0.0,0.0,0.0,0.5341614906832297
tv127,0.05637262105327867,0.3105590062111801,0.45962732919254656,0.2755196521523351,0.0,0.0,0.0,0.20663973911425132
tv128,0.518035583350767,0.9006211180124224,0.7453416149068324,0.7213327720900073,0.2100000000000004,0.2100000000000004,1.0,0.7909995790675055
tv129,0.681801179587568,0.8695652173913043,0.4347826086956521,0.6620496685581748,,0.0,0.0,0.49653725141863114
tv130,0.952434248387517,0.782608695652174,0.968944099378882,0.9013290144728576,0.0,0.0,0.0,0.6759967608546432
tv131,1.0,0.30434782608695654,0.44720496894409933,0.5838509316770186,,0.0,0.0,0.43788819875776397
tv132,0.6339944642846156,0.4472049689440994,0.5341614906832297,0.5384536413039815,0.0,0.0,0.0,0.40384023097798616
tv133,0.0,0.2111801242236025,0.14906832298136652,0.12008281573498968,,0.0,0.0,0.09006211180124225
tv134,0.0,0.062111801242236024,0.782608695652174,0.2815734989648033,0.0,0.0,0.0,0.2111801242236025
tv135,0.07094131331096509,0.2484472049689441,0.7329192546583851,0.3507692576460981,0.0,0.0,0.0,0.2630769432345736
tv136,0.23759407569463775,0.22981366459627328,0.7577639751552796,0.4083905718153969,0.0,0.0,0.0,0.3062929288615477
tv137,0.0,0.5527950310559007,0.6832298136645962,0.41200828157349895,0.0,0.0,0.0,0.3090062111801242
tv138,0.0,0.45962732919254656,0.24844720496894412,0.2360248447204969,0.0,0.0,0.0,0.17701863354037267
tv139,0.4259140171876856,0.2732919254658385,0.037267080745341574,0.24549100779962188,0.0,0.0,0.0,0.18411825584971642
tv140,1.0,0.32919254658385094,0.8695652173913044,0.732919254658385,0.8800000000000026,0.8800000000000026,0.8432432432432426,0.7605002518045995
tv141,0.7643435117313162,0.9875776397515528,0.024844720496894457,0.5922552906599211,0.03399999999999963,0.03399999999999963,0.33999999999999625,0.5291914679949399
tv142,0.0,0.037267080745341616,0.06211180124223592,0.03312629399585918,1.6106250000000002,1.6106250000000002,0.645777027027027,0.18628897725365112
tv143,1.0,0.08074534161490683,0.9565217391304348,0.6790890269151139,0.0,0.0,0.0,0.5093167701863354
tv144,1.0,0.20496894409937888,0.84472049689441,0.6832298136645963,0.0,0.0,0.0,0.5124223602484472
tv145,0.24663371680832125,0.12422360248447205,0.34782608695652173,0.23956113541643834,1.3971428571428572,1.3971428571428572,0.7034749034749035,0.35553957743105463
tv146,0.14168711835148962,0.11801242236024845,0.3229813664596273,0.19422696905712178,2.6820689655172423,2.6820689655172423,0.35619757688723175,0.23471962101464927
tv147,1.0,0.006211180124223602,0.3354037267080745,0.44720496894409933,,0.0,0.0,0.3354037267080745
tv148,0.46970444742901307,0.8136645962732919,0.26086956521739135,0.5147462029732321,0.0,0.0,0.0,0.3860596522299241
tv149,0.0,0.09937888198757763,0.36024844720496896,0.15320910973084886,,0.0,0.0,0.11490683229813664
tv150,1.0,0.484472049689441,0.3726708074534162,0.6190476190476191,0.0,0.0,0.0,0.4642857142857143
tv151,1.0,0.4968944099378882,0.1987577639751552,0.5652173913043478,0.0,0.0,0.0,0.42391304347826086
tv152,0.0,0.6832298136645962,0.40993788819875787,0.3643892339544514,,0.0,0.0,0.2732919254658385
tv153,0.1823267269282871,0.7267080745341615,0.5093167701863355,0.4727838572162614,0.0,0.0,0.0,0.35458789291219606
tv154,0.0,0.8074534161490683,0.7701863354037267,0.5258799171842651,,0.0,0.0,0.3944099378881988
tv155,0.0,0.546583850931677,0.7453416149068323,0.4306418219461698,0.0,0.0,0.0,0.32298136645962733
tv156,0.783046762821189,0.21739130434782608,0.4347826086956521,0.4784068919548891,0.0,0.0,0.0,0.3588051689661668
tv157,0.0,0.37267080745341613,0.8074534161490683,0.39337474120082816,0.0,0.0,0.0,0.2950310559006211
tv158,0.7635947784200745,0.2795031055900621,0.9937888198757765,0.6789622346286377,,0.0,0.0,0.5092216759714783
tv159,0.0,0.2919254658385093,0.44720496894409933,0.24637681159420288,0.0,0.0,0.0,0.18478260869565216
tv160,0.5769981910463562,0.2857142857142857,0.22360248447204967,0.36210498707756383,0.0,0.0,0.0,0.27157874030817286
tv161,0.0,0.32298136645962733,0.6956521739130435,0.33954451345755693,0.000833333333332575,0.000833333333332575,0.008333333333325749,0.2567417184264991
