alpha,u_text,u_voice,nash_product
0.0,0.04919319795368293,0.9999999999999998,
0.001,0.050120685691353264,0.9999995688200392,0.0008818612498773756
0.002,0.05104990207622007,0.9999982719838267,0.0017653637006809994
0.003,0.05198084952254631,0.9999961045306568,0.0026505072141991583
0.004,0.05291353043517815,0.9999930614781682,0.0035372916156713634
0.005,0.05384794720940101,0.9999891378222943,0.00442571669344319
0.006,0.05478410223079523,0.999984328537211,0.005315782198619885
0.007,0.05572199787509009,0.999978628575287,0.006207487844717402
0.008,0.05666163650801695,0.9999720328670335,0.007100833307311645
0.009000000000000001,0.05760302048516132,0.9999645363210543,0.00799581822368578
0.01,0.05854615215181398,0.9999561338239978,0.008892442192475664
0.011,0.059491033842820604,0.9999468202405081,0.00979070477331291
0.012,0.06043766788243074,0.9999365904131751,0.010690605486466435
0.013000000000000001,0.06138605658414533,0.9999254391624895,0.011592143812481656
0.014,0.0623362022505633,0.999913361286794,0.012495319191817882
0.015,0.06328810717322715,0.9999003515622364,0.013400131024483843
0.016,0.06424177363246701,0.9998864047427255,0.01430657866967083
0.017,0.06519720389724407,0.9998715155598822,0.015214661445384312
0.018000000000000002,0.06615440022499239,0.9998556787229967,0.016124378628073168
0.019,0.06711336486146036,0.9998388889189842,0.017035729452257595
0.02,0.06807410004055,0.9998211408123391,0.017948713110154155
0.021,0.06903660798415584,0.9998024290450921,0.018863328751299407
0.022,0.07000089090200252,0.9997827482367689,0.01977957548217166
0.023,0.0709669509914813,0.9997620929843454,0.020697452365810526
0.024,0.07193479043748495,0.9997404578622076,0.021616958421434306
0.025,0.07290441141224233,0.9997178374221094,0.02253809262405607
0.026000000000000002,0.07387581607515094,0.9996942261931335,0.023460853904097037
0.027,0.07484900657260901,0.9996696186816498,0.024385241146998582
0.028,0.07582398503784608,0.9996440093712775,0.025311253192832065
0.029,0.07680075359075239,0.9996173927228447,0.02623888883590657
0.03,0.07777931433770734,0.9995897631743524,0.0271681468243751
0.031,0.0787596693714065,0.9995611151409365,0.028099025859838405
0.032,0.07974182077068782,0.99953144301483,0.029031524596947342
0.033,0.08072577060035614,0.9995007411653276,0.029965641643002725
0.034,0.08171152091100714,0.9994690039387519,0.030901375557554036
0.035,0.08269907373884945,0.9994362256584166,0.031838724851995355
0.036000000000000004,0.0836884311055263,0.9994024006245936,0.032777687989160254
0.037,0.08467959501793539,0.9993675231144798,0.03371826338291416
0.038,0.08567256746804777,0.9993315873821651,0.03466044939774508
0.039,0.0866673504327256,0.9992945876585997,0.03560424434835239
0.04,0.08766394587353873,0.9992565181515638,0.03654964649923392
0.041,0.08866235573657998,0.9992173730456378,0.037496654064270975
0.042,0.08966258195227923,0.9991771465021733,0.038445265206311606
0.043000000000000003,0.09066462643521646,0.9991358326592614,0.039395478036751926
0.044,0.09166849108393335,0.9990934256317099,0.040347290615115806
0.045,0.0926741777807438,0.9990499195110129,0.04130070094863243
0.046,0.09368168839154346,0.999005308365326,0.04225570699181251
0.047,0.09469102476561761,0.9989595862394395,0.043212306646022054
0.048,0.09570218873544821,0.9989127471547575,0.04417049775905505
0.049,0.09671518211651946,0.9988647851092703,0.04513027812470365
0.05,0.0977300067071224,0.9988156940775342,0.04609164548232718
0.051000000000000004,0.09874666428815818,0.9987654680106497,0.04705459751641913
0.052000000000000005,0.09976515662294005,0.9987141008362396,0.04801913185617236
0.053,0.10078548545699421,0.9986615864584302,0.04898524607504257
0.054,0.10180765251785948,0.9986079187578312,0.049952937690310215
0.055,0.1028316595148856,0.9985530915915191,0.050922204162640525
0.056,0.10385750813903055,0.9984970987930185,0.05189304289564192
0.057,0.10488520006265652,0.998439934172288,0.05286545123542285
0.058,0.10591473693932434,0.9983815915157037,0.0538394264701465
0.059000000000000004,0.10694612040358745,0.9983220645860451,0.054814965829584575
0.06,0.10797935207078378,0.9982613471224819,0.055792066484668675
0.061,0.10901443353682719,0.9981994328405646,0.05677072554704088
0.062,0.11005136637799713,0.9981363154322088,0.0577509400686019
0.063,0.1110901521507271,0.9980719885656899,0.058732707041058055
0.064,0.11213079239139237,0.998006445885631,0.059716023395466805
0.065,0.11317328861609598,0.997939681012997,0.06070088600178044
0.066,0.11421764232045375,0.9978716875450871,0.06168729166838843
0.067,0.1152638549793778,0.997802459055529,0.0626752371416579
0.068,0.11631192804685957,0.997731989094276,0.06366471910547351
0.069,0.1173618629557504,0.9976602711876017,0.0646557341807744
0.07,0.11841366111754206,0.9975872988380987,0.06564827892509101
0.07100000000000001,0.11946732392214557,0.9975130655246787,0.06664234983207996
0.07200000000000001,0.1205228527376686,0.997437564702571,0.06763794333105728
0.073,0.12158024891019191,0.9973607898033252,0.06863505578653047
0.074,0.12263951376354469,0.9972827342348132,0.06963368349772928
0.075,0.12370064859907834,0.997203391381233,0.07063382269813494
0.076,0.12476365469543928,0.9971227546031155,0.07163546955500821
0.077,0.12582853330834037,0.9970408172373278,0.0726386201689158
0.078,0.12689528567033154,0.9969575725970845,0.0736432705732562
0.079,0.12796391299056833,0.9968730139719526,0.0746494167337831
0.08,0.1290344164545803,0.9967871346278667,0.07565705454812902
0.081,0.13010679722403737,0.9966999278071358,0.07666617984532625
0.082,0.1311810564365155,0.9966113867284601,0.07767678838532799
0.083,0.13225719520526086,0.9965215045869422,0.07868887585852702
0.084,0.13333521461895276,0.9964302745541055,0.07970243788527423
0.085,0.13441511574146595,0.9963376897779097,0.08071747001539578
0.08600000000000001,0.13549689961163072,0.9962437433827694,0.0817339677277086
0.08700000000000001,0.1365805672429927,0.9961484284695745,0.08275192642953567
0.088,0.13766611962357123,0.9960517381157115,0.08377134145621992
0.089,0.13875355771561626,0.9959536653750856,0.08479220807063698
0.09,0.13984288245536416,0.995854203278147,0.08581452146270704
0.091,0.14093409475279303,0.9957533448319131,0.08683827674890622
0.092,0.14202719549137555,0.9956510830199996,0.0878634689717762
0.093,0.14312218552783174,0.9955474108026473,0.08889009309943374
0.094,0.14421906569188023,0.9954423211167525,0.08991814402507901
0.095,0.14531783678598809,0.9953358068758988,0.09094761656650295
0.096,0.14641849958512004,0.995227860970392,0.0919785054655945
0.097,0.14752105483648592,0.9951184762672931,0.09301080538784624
0.098,0.1486255032592873,0.9950076456104566,0.09404451092185989
0.099,0.14973184554446323,0.994895361820568,0.09507961657885113
0.1,0.1508400823544342,0.9947816176951839,0.09611611679215341
0.101,0.15195021432284553,0.9946664060087738,0.09715400591672164
0.10200000000000001,0.15306224205430935,0.9945497195127627,0.09819327822863484
0.10300000000000001,0.1541761661241457,0.9944315509355773,0.09923392792459887
0.10400000000000001,0.15529198707812192,0.9943118929826912,0.1002759491214477
0.105,0.15640970543219188,0.994190738336675,0.10131933585564563
0.106,0.15752932167223324,0.9940680796572445,0.10236408208278763
0.107,0.15865083625378407,0.9939439095813143,0.10341018167710042
0.108,0.15977424960177827,0.9938182207230506,0.10445762843094268
0.109,0.16089956211027995,0.9936910056739273,0.10550641605430516
0.11,0.16202677414221658,0.9935622570027831,0.10655653817431048
0.111,0.16315588602911116,0.9934319672558798,0.1076079883347125
0.112,0.16428689807081365,0.993300128956965,0.10866075999539636
0.113,0.16541981053523064,0.9931667346073335,0.10971484653187727
0.114,0.16655462365805468,0.9930317766858936,0.11077024123480017
0.115,0.16769133764249214,0.9928952476492321,0.11182693730943875
0.116,0.16882995265899015,0.9927571399316836,0.11288492787519479
0.117,0.16997046884496292,0.9926174459454029,0.11394420596509808
0.11800000000000001,0.1711128863045159,0.9924761580804338,0.11500476452530467
0.11900000000000001,0.17225720510817077,0.9923332687047868,0.11606659641459802
0.12,0.17340342529258732,0.9921887701645147,0.11712969440388764
0.121,0.1745515468602863,0.9920426547837908,0.11819405117571012
0.122,0.17570156977937004,0.9918949148649905,0.11925965932372933
0.123,0.17685349398324238,0.9917455426887717,0.12032651135223679
0.124,0.178007319370328,0.9915945305141624,0.12139459967565369
0.125,0.17916304580379036,0.9914418705786459,0.12246391661803212
0.126,0.18032067311124936,0.9912875550982502,0.12353445441255775
0.127,0.18148020108449694,0.9911315762676388,0.12460620520105216
0.128,0.18264162947921314,0.9909739262602043,0.1256791610334768
0.129,0.18380495801468033,0.9908145972281635,0.126753313867437
0.13,0.18497018637349663,0.9906535813026554,0.1278286555676868
0.131,0.18613731420128923,0.9904908705938409,0.12890517790563505
0.132,0.18730634110642577,0.990326457191005,0.1299828725588517
0.133,0.1884772666597255,0.9901603331626601,0.13106173111057523
0.134,0.1896500903941698,0.9899924905566546,0.13214174504922171
0.135,0.19082481180461122,0.9898229214002793,0.1332229057678938
0.136,0.1920014303474823,0.9896516177003813,0.1343052045638918
0.137,0.19317994544050338,0.9894785714434747,0.13538863263822531
0.138,0.19436035646238958,0.9893037745958592,0.1364731810951264
0.139,0.19554266275255697,0.9891272191037357,0.13755884094156376
0.14,0.1967268636108283,0.9889488968933288,0.13864560308675866
0.14100000000000001,0.1979129582971378,0.9887687998710093,0.13973345834170212
0.14200000000000002,0.19910094603123502,0.988586919923419,0.1408223974186732
0.14300000000000002,0.2002908259923885,0.9884032489175995,0.14191241093075957
0.14400000000000002,0.2014825973190884,0.9882177787011228,0.1430034893913793
0.145,0.20267625910874817,0.9880305011022211,0.14409562321380362
0.146,0.20387181041740665,0.9878414079299275,0.1451888027106835
0.147,0.20506925025942815,0.9876504909742085,0.14628301809357552
0.148,0.20626857760720282,0.9874577420061078,0.14737825947247138
0.149,0.2074697913908462,0.9872631527778877,0.14847451685532878
0.15,0.20867289049789822,0.987066715023175,0.14957178014760444
0.151,0.2098778737730215,0.9868684204571092,0.1506700391517892
0.152,0.211084740017699,0.9866682607764934,0.15176928356694513
0.153,0.21229348798993164,0.9864662276599467,0.15286950298824517
0.154,0.21350411640393502,0.9862623127680616,0.1539706869065153
0.155,0.21471662392983537,0.9860565077435612,0.15507282470777808
0.156,0.2159310091933661,0.9858488042114623,0.15617590567280062
0.157,0.21714727077556234,0.9856391937792374,0.15727991897664254
0.158,0.21836540721245665,0.9854276680369835,0.15838485368820923
0.159,0.21958541699477302,0.9852142185575903,0.15949069876980568
0.16,0.22080729856762116,0.9849988368969127,0.16059744307669419
0.161,0.2220310503301906,0.9847815145939464,0.16170507535665515
0.162,0.2232566706354439,0.9845622431710062,0.1628135842495504
0.163,0.2244841577898095,0.9843410141339048,0.16392295828688877
0.164,0.22571351005287513,0.9841178189721389,0.16503318589139684
0.165,0.22694472563707976,0.9838926491590729,0.1661442553765907
0.166,0.22817780270740626,0.9836654961521307,0.16725615494635265
0.167,0.22941273938107354,0.9834363513929862,0.16836887269451056
0.168,0.23064953372722796,0.98320520630776,0.16948239660442055
0.169,0.23188818376663542,0.982972052307215,0.17059671454855357
0.17,0.23312868747137236,0.9827368807869594,0.17171181428808532
0.171,0.23437104276451792,0.9824996831276502,0.17282768347249078
0.17200000000000001,0.23561524751984428,0.9822604506951996,0.173944309639141
0.17300000000000001,0.23686129956150853,0.9820191748409859,0.17506168021290555
0.17400000000000002,0.23810919666374344,0.9817758469020648,0.1761797825057573
0.17500000000000002,0.23935893655054857,0.9815304582013868,0.17729860371638276
0.176,0.24061051689538115,0.9812830000480159,0.1784181309297953
0.177,0.24186393532084782,0.9810334637373512,0.1795383511169543
0.178,0.24311918939839489,0.9807818405513529,0.18065925113438655
0.179,0.24437627664800035,0.9805281217587697,0.18178081772381435
0.18,0.2456351945378643,0.9802722986153707,0.18290303751178594
0.181,0.2468959404841013,0.9800143623641793,0.18402589700931257
0.182,0.24815851185043128,0.9797543042357124,0.1851493826115094
0.183,0.2494229059478718,0.9794921154482197,0.1862734805972411
0.184,0.25068912003442945,0.979227787207928,0.18739817712877246
0.185,0.2519571513147929,0.978961310709289,0.18852345825142497
0.186,0.2532269969400245,0.9786926771352292,0.18964930989323678
0.187,0.2544986540072539,0.9784218776574042,0.19077571786463013
0.188,0.25577211955937074,0.9781489034364546,0.19190266785808188
0.189,0.25704739058471837,0.9778737456222674,0.19303014544780145
0.19,0.25832446401678766,0.9775963953542384,0.1941581360894127
0.191,0.25960333673391145,0.9773168437615396,0.1952866251196428
0.192,0.26088400555895924,0.9770350819633887,0.19641559775601572
0.193,0.2621664672590327,0.9767511010693235,0.19754503909655285
0.194,0.2634507185451614,0.9764648921794767,0.19867493411947812
0.195,0.2647367560719992,0.9761764463848579,0.19980526768293058
0.196,0.2660245764375212,0.9758857547676365,0.20093602452468215
0.197,0.26731417618272163,0.9755928084014271,0.20206718926186235
0.198,0.26860555179131157,0.9752975983515815,0.20319874639068863
0.199,0.2698986996894188,0.9750001156754815,0.2043306802862047
0.2,0.2711936162452867,0.9747003514228352,0.20546297520202333
0.201,0.2724902977689753,0.9743982966359782,0.20659561527007794
0.202,0.27378874051206237,0.9740939423501781,0.20772858450037984
0.203,0.2750889406673454,0.9737872795939397,0.20886186678078247
0.20400000000000001,0.2763908943685448,0.9734782993893171,0.209995445876753
0.20500000000000002,0.2776945976900079,0.973166992752228,0.21112930543115146
0.20600000000000002,0.279000046646414,0.9728533506927715,0.21226342896401657
0.20700000000000002,0.2803072371924794,0.9725373642155474,0.21339779987235835
0.20800000000000002,0.2816161652226654,0.9722190243199841,0.21453240142996033
0.209,0.2829268265708855,0.9718983220006632,0.21566721678718673
0.21,0.28423921701021493,0.971575248247654,0.21680222897079976
0.211,0.2855533322526004,0.9712497940468472,0.21793742088378298
0.212,0.2868691679485721,0.9709219503802944,0.2190727753051739
0.213,0.28818671968695564,0.9705917082265493,0.22020827488990338
0.214,0.2895059829945865,0.9702590585610156,0.2213439021686448
0.215,0.29082695333602504,0.9699239923562937,0.22247963954766997
0.216,0.2921496261132728,0.9695865005825363,0.22361546930871465
0.217,0.2934739966654909,0.9692465742078035,0.22475137360885214
0.218,0.29480006026871874,0.968904204198423,0.22588733448037493
0.219,0.2961278121355954,0.9685593815193541,0.22702333383068632
0.22,0.29745724741508184,0.9682120971345551,0.22815935344220042
0.221,0.2987883611921843,0.9678623420073543,0.22929537497225047
0.222,0.3001211484876807,0.9675101071008242,0.23043137995300755
0.223,0.30145560425784673,0.9671553833781599,0.23156734979140756
0.224,0.30279172339418536,0.9667981618030606,0.2327032657690877
0.225,0.30412950072315736,0.9664384333401159,0.23383910904233352
0.226,0.3054689310059131,0.9660761889551936,0.23497486064203352
0.227,0.306810008938027,0.9657114196158332,0.23611050147364532
0.228,0.3081527291492335,0.9653441162916411,0.23724601231717074
0.229,0.3094970862031651,0.9649742699546924,0.23838137382714172
0.23,0.3108430745970919,0.9646018715799323,0.23951656653261474
0.231,0.3121906887616635,0.9642269121455851,0.24065157083717711
0.232,0.31353992306065337,0.9638493826335639,0.2417863670189629
0.233,0.3148907717907037,0.9634692740298851,0.24292093523067834
0.234,0.31624322918107495,0.9630865773250874,0.24405525549964038
0.23500000000000001,0.3175972893933951,0.9627012835146522,0.2451893077278228
0.23600000000000002,0.3189529465214125,0.96231338359943,0.24632307169191525
0.23700000000000002,0.32031019459075083,0.9619228685860695,0.24745652704339283
0.23800000000000002,0.32166902755866605,0.9615297294874487,0.2485896533085957
0.23900000000000002,0.323029439313806,0.9611339573231135,0.2497224298888213
0.24,0.3243914236759724,0.9607355431197158,0.250854836060427
0.241,0.3257549743958852,0.9603344779114571,0.25198685097494394
0.242,0.3271200851549494,0.9599307527405372,0.25311845365920327
0.243,0.32848674956502477,0.9595243586576028,0.25424962301547294
0.244,0.32985496116819796,0.9591152867222036,0.25538033782160746
0.245,0.3312247134365571,0.9587035280032492,0.25651057673120825
0.246,0.33259599977196996,0.9582890735794716,0.2576403182737975
0.247,0.3339688135058633,0.9578719145398892,0.25876954085500214
0.248,0.33534314789900665,0.9574520419842762,0.25989822275675184
0.249,0.3367189961412983,0.9570294470236358,0.261026342137489
0.25,0.3380963513515538,0.9566041207806736,0.2621538770323896
0.251,0.33947520657729846,0.9561760543902798,0.26328080535359966
0.252,0.340855554794562,0.9557452390000105,0.26440710489048125
0.253,0.3422373889076763,0.9553116657705751,0.26553275330987325
0.254,0.3436207017490768,0.9548753258763254,0.2666577281563642
0.255,0.34500548607910714,0.95443621050575,0.2677820068525791
0.256,0.3463917345858263,0.9539943108619711,0.26890556669947796
0.257,0.34777943988481946,0.9535496181632452,0.2700283848766689
0.258,0.3491685945190124,0.9531021236434669,0.27115043844273384
0.259,0.3505591909584892,0.9526518185526767,0.27227170433556824
0.26,0.35195122160031267,0.9521986941575712,0.2733921593727334
0.261,0.35334467876834996,0.951742741742019,0.2745117802518246
0.262,0.35473955471309937,0.9512839526075765,0.27563054355084976
0.263,0.35613584161152345,0.9508223180740112,0.2767484257286262
0.264,0.35753353156688295,0.9503578294798247,0.27786540312518704
0.265,0.358932616608577,0.9498904781827815,0.2789814519622052
0.266,0.36033308869198555,0.9494202555604392,0.2800965483434298
0.267,0.36173493969831594,0.9489471530106852,0.28121066825513774
0.268,0.36313816143445377,0.9484711619522725,0.28232378756659915
0.269,0.3645427456328171,0.9479922738253621,0.2834358820305578
0.27,0.3659486839512148,0.9475104800920666,0.2845469272837257
0.271,0.3673559679727101,0.9470257722369999,0.2856568988472941
0.272,0.3687645892054854,0.9465381417678249,0.28676577212745585
0.273,0.37017453908271464,0.9460475802158108,0.28787352241594705
0.274,0.3715858089624375,0.9455540791363882,0.2889801248906004
0.275,0.37299839012743885,0.9450576301097111,0.2900855546159154
0.276,0.37441227378513214,0.9445582247412193,0.29118978654364336
0.277,0.3758274510674475,0.9440558546622055,0.2922927955133874
0.278,0.3772439130307238,0.9435505115303855,0.29339455625321853
0.279,0.37866165065560575,0.9430421870304702,0.294495043380307
0.28,0.3800806548469448,0.9425308728747408,0.2955942314015683
0.281,0.38150091643370587,0.9420165608036302,0.2966920947143276
0.28200000000000003,0.38292242616887684,0.9414992425863012,0.2977886076069961
0.28300000000000003,0.3843451747293848,0.9409789100212342,0.2988837442597667
0.28400000000000003,0.38576915271601553,0.9404555549368123,0.29997747874532366
0.28500000000000003,0.38719435065333807,0.9399291691919129,0.3010697850295686
0.28600000000000003,0.38862075898963516,0.9393997446765006,0.30216063697236345
0.28700000000000003,0.39004836809683696,0.938867273312223,0.3032500083282884
0.28800000000000003,0.3914771682704616,0.9383317470530097,0.3043378727474176
0.289,0.39290714972955826,0.9377931578856731,0.3054242037761088
0.29,0.3943383026166589,0.9372514978305133,0.30650897485781314
0.291,0.395770616997731,0.9367067589419245,0.30759215933389705
0.292,0.3972040828621387,0.936158933309003,0.30867373044448415
0.293,0.39863869012260755,0.9356080130561619,0.3097536613293121
0.294,0.40007442861519527,0.935053990343742,0.3108319250286064
0.295,0.4015112880992673,0.9344968573686325,0.3119084944839719
0.296,0.4029492582574782,0.9339366063648857,0.3129833425392988
0.297,0.40438832869575814,0.9333732296043434,0.3140564419416885
0.298,0.4058284889433055,0.9328067193972578,0.3151277653423944
0.299,0.4072697284525838,0.9322370680929191,0.31619728529777963
0.3,0.4087120365993261,0.9316642680802828,0.3172649742702931
0.301,0.4101554026825427,0.9310883117886026,0.31833080462946134
0.302,0.4115998159245371,0.9305091916880623,0.31939474865289896
0.303,0.41304526547092546,0.9299269002904098,0.32045677852733373
0.304,0.4144917403906636,0.9293414301495964,0.32151686634965243
0.305,0.41593922967607877,0.9287527738624142,0.3225749841279606
0.306,0.41738772224290727,0.9281609240691382,0.3236311037826613
0.307,0.4188372069303392,0.927565873454169,0.32468519714755123
0.308,0.4202876725010686,0.9269676147466785,0.32573723597093457
0.309,0.4217391076413481,0.9263661407212551,0.32678719191675143
0.31,0.42319150096105285,0.925761444198554,0.32783503656572816
0.311,0.4246448409937478,0.9251535180459463,0.3288807414165414
0.312,0.42609911619676233,0.9245423551781707,0.32992427788700124
0.313,0.4275543149512714,0.9239279485579884,0.330965617315252
0.314,0.4290104255623829,0.9233102911968372,0.3320047309609903
0.315,0.43046743625922945,0.9226893761554867,0.3330415900066987
0.316,0.43192533519507104,0.9220651965446989,0.33407616555890146
0.317,0.4333841104473985,0.921437745525886,0.3351084286494328
0.318,0.4348437500180482,0.9208070163117709,0.336138350236726
0.319,0.4363042418333198,0.9201730021670487,0.33716590120711776
0.32,0.4377655737441041,0.9195356964090513,0.3381910523761734
0.321,0.4392277335260133,0.9188950924084102,0.33921377449002543
0.322,0.44069070887952205,0.9182511835897221,0.340234038226733
0.323,0.44215448743011176,0.9176039634322148,0.34125181419765654
0.324,0.44361905672842455,0.9169534254704148,0.34226707294885217
0.325,0.4450844042504216,0.9162995632948154,0.34327978496248157
0.326,0.44655051739755003,0.915642370552544,0.34428992065824
0.327,0.44801738349691533,0.9149818409480339,0.3452974503948024
0.328,0.44948498980146256,0.914317968243693,0.3463023444712869
0.329,0.4509533234901615,0.9136507462605743,0.34730457312873314
0.33,0.4524223716682024,0.9129801688790481,0.34830410655160265
0.331,0.45389212136719553,0.9123062300394731,0.3493009148692918
0.332,0.45536255954538024,0.9116289237428685,0.35029496815766564
0.333,0.4568336730878394,0.910948244051587,0.3512862364406065
0.334,0.4583054488067218,0.910264185089986,0.352274689691581
0.335,0.45977787344147164,0.9095767410451023,0.3532602978352243
0.336,0.46125093365906544,0.9088859061673236,0.35424303074894087
0.337,0.46272461605425536,0.9081916747710616,0.35522285826452227
0.338,0.4641989071498204,0.9074940412354244,0.35619975016978195
0.339,0.46567379339682513,0.9067930000048907,0.3571736762102079
0.34,0.4671492611748855,0.9060885455899801,0.35814460609063054
0.341,0.4686252967924411,0.905380672567927,0.35911250947690837
0.342,0.4701018864870373,0.904669375583351,0.3600773559976305
0.343,0.471579016425611,0.903954649348929,0.36103911524583415
0.34400000000000003,0.47305667270478813,0.9032364886460656,0.36199775678074153
0.34500000000000003,0.4745348413511847,0.9025148883255634,0.36295325012950974
0.34600000000000003,0.4760135083217185,0.9017898433082918,0.3639055647890001
0.34700000000000003,0.47749265950392594,0.9010613485858563,0.36485467022756113
0.34800000000000003,0.4789722807162884,0.9003293992212666,0.3658005358868305
0.34900000000000003,0.4804523577085638,0.8995939903496011,0.36674313118354857
0.35000000000000003,0.4819328761621289,0.898855117178676,0.36768242551139413
0.35100000000000003,0.4834138216903263,0.8981127749897075,0.3686183882428301
0.352,0.4848951798388201,0.8973669591379759,0.3695509887309675
0.353,0.48637693608596,0.8966176650534874,0.37048019631144535
0.354,0.4878590758431526,0.8958648882416356,0.3714059803043259
0.355,0.4893415844552387,0.89510862428386,0.3723283100160031
0.356,0.49082444720088203,0.8943488688383046,0.3732471547411301
0.357,0.49230764929296134,0.8935856176404722,0.3741624837645573
0.358,0.4937911758789737,0.8928188665038808,0.3750742663632895
0.359,0.4952750120414433,0.8920486113207142,0.37598247180845445
0.36,0.49675914279833966,0.8912748480624745,0.37688706936728894
0.361,0.4982435531035023,0.8904975727806288,0.3777880283051368
0.362,0.4997282278470737,0.8897167816072566,0.3786853178874628
0.363,0.5012131518559398,0.8889324707556937,0.37957890738187966
0.364,0.50269830989418,0.8881446365211755,0.3804687660601917
0.365,0.5041836866635205,0.8873532752814732,0.3813548632004466
0.366,0.5056692668038023,0.8865583834975364,0.38223716808900904
0.367,0.507155034893449,0.8857599577141213,0.38311565002263837
0.368,0.5086409754499497,0.8849579945604276,0.38399027831058824
0.369,0.5101270729303448,0.8841524907507252,0.38486102227671387
0.37,0.5116133117317216,0.8833434430849816,0.385727851261594
0.371,0.5130996761917181,0.8825308484494838,0.38659073462466564
0.372,0.5145861505890329,0.8817147038174609,0.3874496417463714
0.373,0.5160727191439441,0.8808950062496992,0.3883045420303185
0.374,0.5175593660188366,0.880071752895157,0.3891554049054505
0.375,0.5190460753187345,0.8792449409915752,0.3900021998282301
0.376,0.5205328310918457,0.8784145678660851,0.3908448962848364
0.377,0.5220196173301089,0.8775806309358105,0.39168346379336844
0.378,0.5235064179697533,0.8767431277084694,0.3925178719060656
0.379,0.5249932168918626,0.87590205578297,0.39334809021153566
0.38,0.5264799979229484,0.8750574128500022,0.394174088336994
0.381,0.5279667448355307,0.8742091966926278,0.3949958359505147
0.382,0.5294534413487266,0.8733574051868638,0.3958133027632907
0.383,0.530940071128846,0.8725020363022635,0.3966264585319045
0.384,0.532426617789995,0.871643088102493,0.3974352730606087
0.385,0.5339130648946884,0.8707805587459032,0.39823971620361687
0.386,0.5353993959544672,0.8699144464860968,0.3990397578674017
0.387,0.5368855944305261,0.8690447496724922,0.3998353680130046
0.388,0.5383716437343473,0.868171466750881,0.4006265166583525
0.389,0.5398575272283419,0.867294596263983,0.401413173880584
0.39,0.5413432282264996,0.8664141368519949,0.40219530981838386
0.391,0.5428287299950446,0.8655300872531332,0.4029728946743243
0.392,0.5443140157531003,0.8646424463041755,0.4037458987172161
0.393,0.5457990686733605,0.8637512129409923,0.40451429228446495
0.394,0.5472838718827684,0.8628563861990777,0.405278045784437
0.395,0.5487684084632025,0.8619579652140719,0.4060371296988295
0.396,0.5502526614521708,0.8610559492222793,0.4067915145850492
0.397,0.5517366138435111,0.8601503375611821,0.40754117107859694
0.398,0.5532202485880988,0.859241129669946,0.4082860698954568
0.399,0.5547035485945634,0.8583283250899234,0.4090261818344943
0.4,0.5561864967300093,0.8574119234651472,0.4097614777798555
0.401,0.5576690758207463,0.8564919245428219,0.4104919287033748
0.402,0.5591512686530266,0.8555683281738067,0.4112175056669863
0.403,0.5606330579737868,0.8546411343130937,0.4119381798251386
0.404,0.5621144264914006,0.8537103430202788,0.4126539224272156
0.405,0.5635953568764344,0.8527759544600277,0.41336470481995946
0.406,0.5650758317624128,0.8518379689025343,0.4140704984498982
0.40700000000000003,0.5665558337465897,0.8508963867239734,0.41477127486577575
0.40800000000000003,0.5680353453907261,0.8499512084069469,0.41546700572098577
0.40900000000000003,0.5695143492218742,0.8490024345409226,0.4161576627760057
0.41000000000000003,0.5709928277331701,0.8480500658226664,0.4168432179008362
0.41100000000000003,0.5724707633846304,0.8470941030566698,0.41752364307744044
0.41200000000000003,0.5739481386039573,0.846134547155566,0.41819891040218377
0.41300000000000003,0.57542493578735,0.8451713991405446,0.4188689920882785
0.41400000000000003,0.5769011373003206,0.8442046601417534,0.419533860468224
0.41500000000000004,0.578376725478519,0.8432343313986983,0.42019348799625234
0.41600000000000004,0.5798516826285629,0.8422604142606318,0.42084784725077073
0.417,0.5813259910288731,0.8412829101869368,0.42149691093680497
0.418,0.5827996329305167,0.8403018207475008,0.4221406518884419
0.419,0.5842725905580555,0.8393171476230858,0.42277904307127195
0.42,0.585744846110399,0.8383288926056855,0.42341205758482703
0.421,0.5872163817616676,0.8373370575988802,0.4240396686650224
0.422,0.5886871796620549,0.8363416446181798,0.4246618496865895
0.423,0.5901572219387032,0.8353426557913612,0.4252785741655125
0.424,0.5916264906965794,0.8343400933587964,0.42588981576145823
0.425,0.5930949680193586,0.8333339596737737,0.42649554828020453
0.426,0.5945626359703129,0.8323242572028096,0.42709574567606434
0.427,0.5960294765932062,0.8313109885259531,0.4276903820543062
0.428,0.5974954719131922,0.8302941563370815,0.4282794316735694
0.429,0.5989606039377224,0.829273763444188,0.42886286894827763
0.43,0.6004248546574531,0.8282498127696606,0.4294406684510423
0.431,0.6018882060471628,0.8272223073505519,0.4300128049150654
0.432,0.603350640066671,0.8261912503388418,0.4305792532365332
0.433,0.6048121386617654,0.8251566450016893,0.4311399884770055
0.434,0.6062726837651295,0.8241184947216782,0.43169498586579746
0.435,0.6077322572972803,0.8230768029970505,0.4322442208023546
0.436,0.6091908411675047,0.8220315734419348,0.43278766885861963
0.437,0.6106484172748066,0.820982809786562,0.433325305781394
0.438,0.6121049675088533,0.819930515877475,0.43385710749468775
0.439,0.6135604737509299,0.8188746956777258,0.434383050102063
0.44,0.6150149178748949,0.8178153532670677,0.4349031098889683
0.441,0.6164682817481438,0.8167524928421342,0.43541726332506353
0.442,0.6179205472325722,0.8156861187166109,0.4359254870665337
0.443,0.6193716961855467,0.8146162353213965,0.4364277579583946
0.444,0.6208217104608779,0.8135428472047566,0.4369240530367874
0.445,0.6222705719097976,0.8124659590324645,0.4374143495312611
0.446,0.6237182623819388,0.8113855755879362,0.43789862486704495
0.447,0.6251647637263209,0.8103017017723513,0.4383768566673082
0.448,0.6266100577923364,0.8092143426047695,0.43884902275540943
0.449,0.6280541264307429,0.8081235032222324,0.43931510115713107
0.45,0.6294969514946562,0.807029188879858,0.43977507010290234
0.451,0.6309385148405497,0.8059314049509254,0.44022890803001025
0.452,0.6323787983292518,0.8048301569269484,0.44067659358479294
0.453,0.6338177838269516,0.8037254504177389,0.44111810562482334
0.454,0.6352554532062034,0.8026172911514622,0.44155342322107566
0.455,0.6366917883469361,0.8015056849746799,0.4419825256600783
0.456,0.6381267711374643,0.8003906378523852,0.44240539244605154
0.457,0.6395603834755011,0.7992721558680236,0.4428220033030276
0.458,0.6409926072691752,0.7981502452235089,0.4432323381769582
0.459,0.6424234244380476,0.797024912239225,0.4436363772378028
0.46,0.6438528169141323,0.7958961633540184,0.4440341008816011
0.461,0.6452807666429193,0.7947640051251808,0.44442548973252965
0.462,0.6467072555843961,0.7936284442284205,0.4448105246449377
0.463,0.6481322657140756,0.7924894874578248,0.4451891867053696
0.464,0.6495557790240213,0.7913471417258096,0.4455614572345647
0.465,0.6509777775238776,0.7902014140630599,0.4459273177894414
0.466,0.6523982432418974,0.7890523116184612,0.44628675016506086
0.467,0.6538171582259755,0.7878998416590164,0.4466397363965721
0.468,0.6552345045446786,0.786744011569756,0.44698625876113685
0.46900000000000003,0.6566502642882796,0.7855848288536356,0.4473262997798343
0.47000000000000003,0.6580644195697908,0.7844223011314233,0.4476598422195462
0.47100000000000003,0.6594769525259987,0.7832564361415757,0.44798686909481933
0.47200000000000003,0.660887845318499,0.7820872417401048,0.44830736366970936
0.47300000000000003,0.662297080134731,0.7809147259004322,0.4486213094596002
0.47400000000000003,0.6637046391890149,0.7797388967132346,0.44892869023300475
0.47500000000000003,0.665110504723587,0.7785597623862762,0.44922949001334056
0.47600000000000003,0.6665146590096347,0.7773773312442329,0.44952369308068424
0.47700000000000004,0.667917084348334,0.7761916117285033,0.44981128397350345
0.47800000000000004,0.6693177630718827,0.7750026123970104,0.4500922474903637
0.47900000000000004,0.670716677544539,0.7738103419239925,0.45036656869161507
0.48,0.6721138101636518,0.7726148090997824,0.4506342329010503
0.481,0.6735091433606981,0.7714160228305763,0.45089522570754287
0.482,0.6749026596023153,0.7702139921381923,0.4511495329666587
0.483,0.6762943413913325,0.7690087261598169,0.45139714080224225
0.484,0.6776841712678026,0.7678002341477419,0.45163803560797894
0.485,0.6790721318100328,0.7665885254690904,0.4518722040489318
0.486,0.6804582056356121,0.76537360960553,0.45209963306305045
0.487,0.68184237540244,0.7641554961529792,0.4523203098626577
0.488,0.6832246238097512,0.7629341948212979,0.4525342219359055
0.489,0.68460493359914,0.761709715433972,0.4527413570482071
0.49,0.6859832875555827,0.7604820679277836,0.4529417032436416
0.491,0.6873596685084569,0.7592512623524728,0.4531352488463301
0.492,0.688734059332561,0.7580173088703873,0.45332198246178657
0.493,0.690106442949128,0.7567802177561213,0.453501892978237
0.494,0.6914768023268416,0.7555399993961454,0.4536749695679166
0.495,0.6928451204828435,0.7542966642884237,0.45384120168833114
0.496,0.6942113804837451,0.7530502230420211,0.4540005790834962
0.497,0.6955755654466302,0.7518006863767004,0.45415309178514357
0.498,0.6969376585400595,0.7505480651225087,0.4542987301139009
0.499,0.6982976429850685,0.7492923702193516,0.4544374846804392
0.5,0.6996555020561641,0.7480336127165597,0.4545693463865944
0.501,0.7010112190823179,0.7467718037724419,0.45469430642645553
0.502,0.702364777447955,0.7455069546538304,0.4548123562874256
0.503,0.7037161605939404,0.7442390767356133,0.4549234877512503
0.504,0.7050653520185599,0.7429681815002585,0.45502769289501704
0.505,0.7064123352784997,0.7416942805373252,0.45512496409212305
0.506,0.7077570939898192,0.7404173855429688,0.4552152940132132
0.507,0.7090996118289226,0.7391375083194306,0.45529867562708587
0.508,0.7104398725335226,0.7378546607745211,0.45537510220156713
0.509,0.7117778599036033,0.7365688549210913,0.4554445673043547
0.51,0.7131135578023771,0.7352801028764948,0.4555070648038301
0.511,0.714446950157236,0.7339884168620399,0.45556258886983797
0.512,0.7157780209606993,0.7326938092024289,0.4556111339744328
0.513,0.717106754271357,0.7313962923251931,0.45565269489259713
0.514,0.7184331342148054,0.7300958787601121,0.45568726670292203
0.515,0.7197571449845812,0.7287925811386258,0.45571484478825913
0.516,0.7210787708430875,0.7274864121932385,0.4557354248363394
0.517,0.7223979961225162,0.7261773847569091,0.4557490028403576
0.518,0.7237148052257629,0.724865511762435,0.45575557509952463
0.519,0.7250291826273383,0.723550806241825,0.4557551382195877
0.52,0.7263411128742725,0.7222332813256631,0.45574768911331615
0.521,0.7276505805870133,0.7209129502424627,0.45573322500095453
0.522,0.7289575704603194,0.719589826318011,0.45571174341064224
0.523,0.7302620672641467,0.7182639229747059,0.4556832421788003
0.524,0.7315640558445288,0.7169352537308802,0.4556477194504831
0.525,0.7328635211244502,0.7156038322001212,0.45560517367969844
0.526,0.7341604481047146,0.7142696720905773,0.4555556036296923
0.527,0.7354548218648045,0.7129327872042575,0.45549900837320006
0.528,0.7367466275637368,0.7115931914363218,0.4554353872926657
0.529,0.7380358504409079,0.7102508987743625,0.4553647400804233
0.53,0.7393224758169366,0.708905923297678,0.4552870667388503
0.531,0.7406064890944943,0.7075582791765347,0.45520236758047955
0.532,0.741887875759133,0.7062079806714248,0.4551106432280839
0.533,0.7431666213801034,0.7048550421323119,0.45501189461472336
0.534,0.7444427116111658,0.7034994779978707,0.4549061229837584
0.535,0.7457161321913948,0.7021413027947171,0.4547933298888302
0.536,0.7469868689459742,0.7007805311366302,0.454673517193806
0.537,0.7482549077869869,0.6994171777237668,0.45454668707269047
0.538,0.749520234714194,0.6980512573418681,0.4544128420095035
0.539,0.7507828358158095,0.6966827848614568,0.45427198479812303
0.54,0.7520426972692625,0.6953117752370295,0.4541241185420947
0.541,0.7532998053419564,0.6939382435062375,0.453969246654407
0.542,0.7545541463920152,0.6925622047890639,0.45380737285723227
0.543,0.7558057068690252,0.6911836742869908,0.4536385011816343
0.544,0.7570544733147659,0.6898026672821596,0.45346263596724207
0.545,0.7583004323639326,0.6884191991365243,0.4532797818618876
0.546,0.7595435707448531,0.6870332852909982,0.4530899438212144
0.547,0.7607838752801909,0.6856449412645922,0.4528931271082467
0.548,0.7620213328876452,0.6842541826535478,0.45268933729293015
0.549,0.7632559305806368,0.6828610251304617,0.45247858025163495
0.55,0.7644876554689897,0.6814654844434049,0.4522608621666283
0.551,0.7657164947595996,0.6800675764150348,0.4520361895255114
0.552,0.7669424357570966,0.6786673169417006,0.451804569120625
0.553,0.7681654658644973,0.6772647219925427,0.45156600804842056
0.554,0.7693855725838468,0.6758598076085862,0.4513205137087988
0.555,0.7706027435168532,0.6744525899018274,0.4510680938044151
0.556,0.7718169663655117,0.6730430850543148,0.4508087563399525
0.557,0.7730282289327184,0.6716313093172241,0.45054250962136116
0.558,0.7742365191228773,0.6702172790099288,0.4502693622550674
0.559,0.7754418249424939,0.668801010519062,0.4499893231471471
0.56,0.7766441345007629,0.6673825202975763,0.4497024015024699
0.561,0.7778434360101427,0.665961824863796,0.4494086068238097
0.562,0.7790397177869233,0.6645389408004652,0.44910794891092404
0.5630000000000001,0.7802329682517818,0.6631138847537896,0.4488004378596011
0.5640000000000001,0.7814231759303292,0.6616866734324756,0.44848608406067586
0.5650000000000001,0.7826103294536472,0.660257323606761,0.4481648981990142
0.5660000000000001,0.7837944175588146,0.658825852107445,0.4478368912524671
0.5670000000000001,0.7849754290894242,0.6573922758249104,0.4475020744907922
0.5680000000000001,0.7861533529960874,0.6559566117081428,0.4471604594745453
0.5690000000000001,0.7873281783369328,0.6545188767637455,0.446812058053943
0.5700000000000001,0.7884998942780904,0.6530790880549495,0.4464568823676916
0.5710000000000001,0.7896684900941673,0.6516372627006204,0.4460949448417894
0.5720000000000001,0.7908339551687136,0.6501934178742604,0.44572625818829703
0.5730000000000001,0.7919962789946764,0.648747570803007,0.4453508354040785
0.5740000000000001,0.7931554511748447,0.6472997387666282,0.4449686897695135
0.5750000000000001,0.7943114614222833,0.6458499390965131,0.4445798348471798
0.5760000000000001,0.7954642995607557,0.6443981891746611,0.44418428448050745
0.577,0.7966139555251381,0.6429445064326657,0.44378205279240407
0.578,0.7977604193618208,0.6414889083506963,0.4433731541838514
0.579,0.7989036812291004,0.6400314124564772,0.44295760333247464
0.58,0.8000437313975599,0.6385720363242632,0.44253541519108275
0.581,0.8011805602504407,0.637110797573812,0.44210660498618215
0.582,0.802314158284001,0.6356477138693553,0.44167118821646295
0.583,0.8034445161078656,0.634182802918567,0.4412291806512584
0.584,0.8045716244453638,0.6327160824715283,0.44078059832897687
0.585,0.8056954741338573,0.6312475703196914,0.44032545755550817
0.586,0.8068160561250566,0.6297772842948407,0.43986377490260353
0.587,0.8079333614853268,0.628305242268053,0.4393955672062297
0.588,0.8090473813959838,0.6268314621486548,0.4389208515648984
0.589,0.8101581071535772,0.6253559618831785,0.43843964533796875
0.59,0.8112655301701652,0.6238787594543171,0.437951966143927
0.591,0.8123696419735762,0.6223998728798776,0.4374578318586402
0.592,0.8134704342076622,0.6209193202117331,0.43695726061358725
0.593,0.8145678986325373,0.6194371195347734,0.43645027079406323
0.594,0.8156620271248106,0.6179532889658559,0.4359368810373642
0.595,0.8167528116778038,0.6164678466527533,0.4354171102309448
0.596,0.8178402444017603,0.6149808107731045,0.4348909775105567
0.597,0.8189243175240426,0.6134921995333606,0.4343585022583615
0.598,0.8200050233893197,0.6120020311677334,0.4338197041010231
0.599,0.8210823544597423,0.6105103239371423,0.4332746029077779
0.6,0.8221563033151086,0.6090170961281623,0.43272321878848413
0.601,0.8232268626530175,0.6075223660519704,0.43216557209164824
0.602,0.8242940252890142,0.6060261520432936,0.4316016834024337
0.603,0.8253577841567207,0.604528472459356,0.43103157354064614
0.604,0.8264181323079591,0.6030293456788274,0.4304552635587006
0.605,0.8274750629128629,0.6015287901007709,0.4298727747395686
0.606,0.8285285692599765,0.6000268241435931,0.42928412859470577
0.607,0.8295786447563467,0.5985234662439942,0.42868934686196175
0.608,0.8306252829275991,0.5970187348559179,0.4280884515034685
0.609,0.8316684774180096,0.595512648449504,0.427481464703515
0.61,0.8327082219905602,0.5940052255100421,0.42686840886640054
0.611,0.8337445105269867,0.5924964845369252,0.4262493066142725
0.612,0.8347773370278158,0.5909864440426063,0.4256241807849466
0.613,0.8358066956123902,0.5894751225515553,0.42499305442971036
0.614,0.8368325805188854,0.5879625385992191,0.4243559508111114
0.615,0.8378549861043133,0.5864487107309817,0.4237128934007283
0.616,0.8388739068445185,0.5849336575011281,0.42306390587692855
0.617,0.8398893373341614,0.5834173974718087,0.42240901212260845
0.618,0.8409012722866922,0.5818999492120063,0.4217482362229205
0.619,0.8419097065343146,0.5803813312965067,0.4210816024629863
0.62,0.8429146350279403,0.5788615623048705,0.42040913532559593
0.621,0.8439160528371294,0.5773406608204064,0.4197308594888915
0.622,0.8449139551500262,0.5758186454291503,0.41904679982404197
0.623,0.8459083372732793,0.5742955347188441,0.418356981392901
0.624,0.8468991946319568,0.572771347277919,0.4176614294456559
0.625,0.8478865227694474,0.5712461016944823,0.4169601694184633
0.626,0.8488703173473526,0.569719816555305,0.41625322693107253
0.627,0.8498505741453711,0.568192510444816,0.4155406277844407
0.628,0.8508272890611704,0.5666642019440965,0.4148223979583342
0.629,0.8518004581102504,0.5651349096298803,0.4140985636089225
0.63,0.8527700774257964,0.5636046520735565,0.41336915106636024
0.631,0.8537361432585227,0.5620734478401754,0.41263418683236086
0.632,0.8546986519765069,0.5605413154874603,0.4118936975777617
0.633,0.8556576000650138,0.559008273564821,0.4111477101400794
0.634,0.8566129841263113,0.5574743406123721,0.410396251521058
0.635,0.857564800879474,0.5559395351599564,0.4096393488842087
0.636,0.8585130471601812,0.5544038757261713,0.40887702955234306
0.637,0.8594577199205031,0.5528673808173996,0.40810932100509817
0.638,0.8603988162286775,0.5513300689268463,0.4073362508764562
0.639,0.861336333268879,0.5497919585335775,0.40655784695225683
0.64,0.8622702683409784,0.5482530681015664,0.40577413716770516
0.641,0.8632006188602919,0.5467134160787419,0.40498514960487275
0.642,0.8641273823573239,0.5451730208960442,0.40419091249019545
0.643,0.865050556477498,0.5436319009664833,0.40339145419196437
0.644,0.865970138980882,0.5420900746842041,0.40258680321781554
0.645,0.8668861277419015,0.5405475604235559,0.40177698821221275
0.646,0.8677985207490473,0.5390043765381667,0.40096203795392915
0.647,0.8687073161045717,0.5374605413600242,0.40014198135352497
0.648,0.8696125120241797,0.535916073198561,0.39931684745082285
0.649,0.870514106836708,0.5343709903397458,0.3984866654123808
0.65,0.8714120989837989,0.5328253110451798,0.3976514645289633
0.651,0.8723064870195634,0.531279053551199,0.39681127421301055
0.652,0.8731972696102375,0.5297322360679829,0.3959661239961074
0.653,0.8740844455338315,0.5281848767786675,0.39511604352645135
0.654,0.8749680136797688,0.5266369938384661,0.39426106256631976
0.655,0.8758479730485184,0.5250886053737942,0.3934012109895372
0.656,0.8767243227512191,0.5235397294814019,0.3925365187789433
0.657,0.8775970620092965,0.5219903842275118,0.3916670160238615
0.658,0.8784661901540727,0.5204405876469635,0.39079273291756994
0.659,0.8793317066263657,0.5188903577423635,0.3899136997547701
0.66,0.8801936109760857,0.5173397124832428,0.38902994692906256
0.661,0.88105190286182,0.5157886698052196,0.38814150493042043
0.662,0.881906582050414,0.5142372476091699,0.3872484043426688
0.663,0.8827576484165425,0.5126854637604035,0.3863506758409646
0.664,0.8836051019422744,0.5111333360878461,0.38544835018928
0.665,0.884448942716632,0.509580882383231,0.3845414582378917
0.666,0.8852891709351418,0.5080281204002943,0.3836300309208718
0.667,0.8861257868993786,0.5064750678539782,0.3827140992535829
0.668,0.8869587910165039,0.5049217424196418,0.38179369433018023
0.669,0.8877881837987966,0.503368161732278,0.38086884732111603
0.67,0.888613965863178,0.5018143433857372,0.3799395894706502
0.671,0.8894361379307296,0.5002603049319592,0.3790059520943679
0.672,0.8902547008262054,0.4987060638802112,0.37806796657670055
0.673,0.8910696554775375,0.4971516376963333,0.37712566436845557
0.674,0.8918810029153357,0.495597043801991,0.3761790769843507
0.675,0.892688744272381,0.49404229957393564,0.3752282360005571
0.676,0.8934928807831131,0.4924874223432706,0.3742731730522471
0.677,0.8942934137831124,0.49093242939472714,0.37331391983115275
0.678,0.8950903447085763,0.4893773379659456,0.3723505080831295
0.679,0.8958836750957893,0.487822165246765,0.37138296960572903
0.68,0.8966734065805871,0.4862669283785199,0.37041133624578015
0.681,0.8974595408978183,0.4847116444533449,0.36943563989697936
0.682,0.898242079880796,0.4831563305134864,0.36845591249748866
0.683,0.8990210254607489,0.4816010035506225,0.3674721860275449
0.684,0.8997963796662634,0.48004568050519,0.36648449250707593
0.685,0.9005681446227234,0.4784903782657191,0.36549286399332925
0.686,0.9013363225517437,0.47693511366817615,0.3644973325785086
0.687,0.902100915770599,0.4753799034953139,0.3634979303874225
0.6880000000000001,0.9028619266916489,0.47382476447602945,0.3624946895751426
0.6890000000000001,0.9036193578217555,0.47226971328473016,0.3614876423246724
0.6900000000000001,0.9043732117617018,0.4707147665407071,0.3604768208446291
0.6910000000000001,0.9051234912055992,0.4691599408075168,0.3594622573669341
0.6920000000000001,0.9058701989402953,0.4676052525923699,0.35844398414451695
0.6930000000000001,0.9066133378447767,0.46605071834552947,0.35742203344903156
0.6940000000000001,0.9073529108895647,0.4644963544597148,0.3563964375685819
0.6950000000000001,0.908088921136113,0.4629421772695155,0.3553672288054643
0.6960000000000001,0.9088213717361933,0.4613882030508113,0.354334439473917
0.6970000000000001,0.9095502659312851,0.45983444802020235,0.35329810189788796
0.6980000000000001,0.9102756070519564,0.45828092833444484,0.3522582484088114
0.6990000000000001,0.9109973985172435,0.45672766008989657,0.3512149113434002
0.7000000000000001,0.9117156438340254,0.45517465932196954,0.35016812304145034
0.7010000000000001,0.9124303465963959,0.4536219420045906,0.3491179158436591
0.7020000000000001,0.9131415104850333,0.4520695240496704,0.3480643220894584
0.7030000000000001,0.9138491392665644,0.4505174213065808,0.347007374114861
0.704,0.914553236792927,0.44896564956163926,0.3459471042503209
0.705,0.9152538070007294,0.44741422453760105,0.3448835448186082
0.706,0.9159508539106074,0.445863161893162,0.34381672813270064
0.707,0.9166443816265755,0.44431247722246586,0.34274668649368595
0.708,0.9173343943353796,0.44276218605462225,0.34167345218868317
0.709,0.9180208963058438,0.44121230385323185,0.3405970574887771
0.71,0.9187038918882169,0.4396628460159182,0.33951753464696743
0.711,0.9193833855135145,0.4381138278738708,0.33843491589613617
0.712,0.9200593816928597,0.4365652646913929,0.33734923344702716
0.713,0.920731885016822,0.43501717166545933,0.3362605194862447
0.714,0.9214009001547534,0.43346956392528146,0.3351688061742656
0.715,0.9220664318541215,0.4319224565318809,0.33407412564346883
0.716,0.9227284849398432,0.43037586447766996,0.33297650999618084
0.717,0.9233870643136135,0.428829802686042,0.33187599130273765
0.718,0.9240421749532356,0.4272842860109679,0.33077260159956356
0.719,0.9246938219119454,0.4257393292366014,0.3296663728872649
0.72,0.9253420103177388,0.42419494707689265,0.3285573371287438
0.721,0.9259867453726939,0.4226511541752088,0.32744552624732537
0.722,0.9266280323522937,0.4211079651039637,0.32633097212490453
0.723,0.927265876604747,0.41956539436425433,0.32521370660010845
0.724,0.9279002835503074,0.41802345638550586,0.32409376146647695
0.725,0.928531258680592,0.4164821655251243,0.3229711684706599
0.726,0.9291588075578996,0.41494153606815787,0.3218459593106331
0.727,0.9297829358145252,0.41340158222696377,0.3207181656339293
0.728,0.9304036491520771,0.4118623181408865,0.3195878190358903
0.729,0.9310209533407903,0.41032375787594,0.3184549510579332
0.73,0.9316348542188407,0.4087859154245007,0.3173195931858374
0.731,0.9322453576916596,0.40724880470500685,0.31618177684804827
0.732,0.9328524697312441,0.40571243956166547,0.31504153341399826
0.733,0.9334561963754706,0.40417683376416735,0.3138988941924468
0.734,0.934056543727407,0.4026420010074099,0.31275389042983887
0.735,0.9346535179546223,0.4011079549112275,0.3116065533086802
0.736,0.9352471252885002,0.3995747090201287,0.310456913945932
0.737,0.9358373720235478,0.39804227680304244,0.3093050033914235
0.738,0.9364242645167088,0.39651067165307047,0.3081508526262833
0.739,0.9370078091866731,0.3949799068872482,0.3069944925613884
0.74,0.9375880125131877,0.39344999574631223,0.30583595403583186
0.741,0.9381648810363689,0.3919209513944762,0.30467526781540977
0.742,0.9387384213560127,0.3903927869192129,0.30351246459112546
0.743,0.9393086401309078,0.38886551533104546,0.3023475749777137
0.744,0.9398755440781463,0.3873391495633437,0.30118062951218194
0.745,0.940439139972438,0.38581370247213,0.30001165865237195
0.746,0.9409994346454216,0.3842891868358903,0.29884069277553804
0.747,0.9415564349849803,0.38276561535539444,0.29766776217694635
0.748,0.9421101479345544,0.38124300065352124,0.29649289706848975
0.749,0.9426605804924586,0.3797213552750939,0.29531612757732567
0.75,0.9432077397111958,0.37820069168671866,0.2941374837445277
0.751,0.9437516326967756,0.37668102227663447,0.2929569955237605
0.752,0.9442922666080317,0.3751623593545662,0.2917746927799697
0.753,0.94482964865594,0.3736447151515872,0.2905906052880933
0.754,0.94536378610294,0.3721281018199879,0.28940476273179033
0.755,0.9458946862622539,0.3706125314331507,0.28821719470218765
0.756,0.9464223564972118,0.36909801598543357,0.28702793069664834
0.757,0.9469468042205724,0.36758456739205786,0.2858370001175546
0.758,0.9474680368938495,0.3660721974890053,0.28464443227111286
0.759,0.947986062026638,0.3645609180329198,0.28345025636617527
0.76,0.9485008871759428,0.3630507407010174,0.282254501513082
0.761,0.9490125199455062,0.3615416770910017,0.28105719672251933
0.762,0.9495209679851406,0.36003373872098654,0.27985837090439886
0.763,0.95002623899006,0.3585269370294247,0.2786580528667536
0.764,0.9505283407002159,0.3570212833750437,0.2774562713146541
0.765,0.9510272808996314,0.3555167890367873,0.27625305484914114
0.766,0.9515230674157411,0.35401346521376376,0.2750484319661784
0.767,0.9520157081187295,0.3525113230252005,0.273842431055623
0.768,0.952505210920874,0.35101037351040476,0.2726350804002145
0.769,0.9529915837758876,0.34951062762873036,0.2714264081745813
0.77,0.9534748346782649,0.3480120962595512,0.27021644244426696
0.771,0.9539549716626313,0.3465147902022401,0.2690052111647733
0.772,0.9544320028030919,0.3450187201761548,0.2677927421806227
0.773,0.9549059362125831,0.3435238968206281,0.2665790632244367
0.774,0.9553767800422296,0.3420303306949664,0.2653642019160355
0.775,0.955844542480698,0.34053803227845175,0.2641481857615521
0.776,0.9563092317535593,0.3390470119703516,0.26293104215256746
0.777,0.9567708561226478,0.3375572800899331,0.26171279836526096
0.778,0.9572294238854268,0.33606884687648353,0.2604934815595798
0.779,0.9576849433743537,0.33458172248933715,0.25927311877842646
0.78,0.9581374229562512,0.3330959170079064,0.258051736946863
0.781,0.9585868710316765,0.3316114404317194,0.256829362871333
0.782,0.959033296034297,0.330128302680463,0.25560602323890114
0.783,0.9594767064302663,0.32864651359403063,0.25438174461650975
0.784,0.9599171107176051,0.3271660829325769,0.25315655345025395
0.785,0.9603545174255818,0.3256870203765758,0.25193047606467195
0.786,0.9607889351140995,0.3242093355268861,0.25070353866205464
0.787,0.9612203723730821,0.3227330379048198,0.24947576732177001
0.788,0.9616488378218666,0.32125813695221794,0.24824718799960663
0.789,0.9620743401085962,0.31978464203153023,0.24701782652713258
0.79,0.9624968879096163,0.31831256242589956,0.24578770861107116
0.791,0.9629164899288747,0.31684190733925277,0.24455685983269426
0.792,0.9633331548973247,0.315372685896395,0.24332530564723143
0.793,0.9637468915723296,0.31390490714311015,0.24209307138329572
0.794,0.9641577087370725,0.3124385800462649,0.24086018224232572
0.795,0.964565615199967,0.310973713493919,0.23962666329804433
0.796,0.9649706197940728,0.3095103162954388,0.23839253949593286
0.797,0.9653727313765135,0.30804839718161625,0.2371578356527218
0.798,0.9657719588278982,0.30658796480479267,0.2359225764558977
0.799,0.9661683110517458,0.30512902773898676,0.23468678646322555
0.8,0.9665617969739124,0.3036715944800271,0.2334504901022868
0.801,0.9669524255420223,0.3022156734456889,0.23221371167003294
0.802,0.9673402057249036,0.30076127297583577,0.2309764753323556
0.803,0.9677251465120236,0.29930840133256514,0.22973880512367034
0.804,0.9681072569129314,0.2978570667003585,0.22850072494651746
0.805,0.9684865459567027,0.2964072771862353,0.22726225857117685
0.806,0.9688630226913852,0.29495904081991164,0.22602342963529826
0.807,0.9692366961834523,0.2935123655539622,0.22478426164354628
0.808,0.9696075755172561,0.2920672592639876,0.22354477796726116
0.809,0.9699756697944868,0.2906237297487838,0.22230500184413277
0.81,0.9703409881336329,0.2891817847305176,0.2210649563778904
0.811,0.9707035396694468,0.287741431854904,0.21982466453800617
0.812,0.971063333552414,0.2863026786913889,0.21858414915941374
0.8130000000000001,0.9714203789482246,0.2848655327333349,0.21734343294224034
0.8140000000000001,0.971774685037249,0.2834300013982105,0.21610253845155322
0.8150000000000001,0.972126261014017,0.28199609202778364,0.21486148811712028
0.8160000000000001,0.9724751160867016,0.2805638118883187,0.21362030423318462
0.8170000000000001,0.9728212594766046,0.2791331681707764,0.21237900895825235
0.8180000000000001,0.9731647004176467,0.27770416799101794,0.21113762431489422
0.8190000000000001,0.973505448155862,0.2762768183900123,0.20989617218956114
0.8200000000000001,0.9738435119488942,0.2748511263340464,0.20865467433241197
0.8210000000000001,0.974178901065499,0.27342709871494003,0.20741315235715657
0.8220000000000001,0.9745116247850476,0.272004742350262,0.2061716277409093
0.8230000000000001,0.9748416923970358,0.2705840639835513,0.20493012182405768
0.8240000000000001,0.9751691132005961,0.2691650702845402,0.20368865581014267
0.8250000000000001,0.9754938965040134,0.2677477678493815,0.2024472507657526
0.8260000000000001,0.9758160516242447,0.2663321632008777,0.20120592762042855
0.8270000000000001,0.9761355878864414,0.26491826278871405,0.19996470716658302
0.8280000000000001,0.9764525146234776,0.2635060729896941,0.1987236100594308
0.8290000000000001,0.9767668411754803,0.2620956001079781,0.1974826568169318
0.8300000000000001,0.9770785768893642,0.2606868503753248,0.19624186781974642
0.8310000000000001,0.9773877311183692,0.25927982995133536,0.19500126331120224
0.8320000000000001,0.9776943132216027,0.2578745449236999,0.19376086339727247
0.833,0.9779983325635861,0.2564710013084479,0.19252068804656752
0.834,0.9782997985138031,0.25506920505019925,0.19128075709033546
0.835,0.9785987204462544,0.25366916202242,0.19004109022247687
0.836,0.978895107739014,0.25227087802767945,0.18880170699956902
0.837,0.9791889697737894,0.2508743587979094,0.18756262684090147
0.838,0.9794803159354881,0.24947960999466684,0.18632386902852324
0.839,0.9797691556117845,0.2480866372093981,0.1850854527073006
0.84,0.9800554981926921,0.2466954459637059,0.18384739688498525
0.841,0.9803393530701423,0.24530604170961878,0.1826097204322946
0.842,0.9806207296375586,0.24391842982986148,0.18137244208299932
0.843,0.980899637289447,0.2425326156381296,0.18013558043402586
0.844,0.9811760854209781,0.24114860437936453,0.1788991539455649
0.845,0.9814500834275808,0.23976640123003107,0.17766318094119235
0.846,0.9817216407045369,0.2383860112983977,0.17642767960799985
0.847,0.9819907666465795,0.2370074396248178,0.1751926679967347
0.848,0.9822574706474966,0.2356306911820134,0.17395816402194997
0.849,0.9825217620997356,0.2342557708753607,0.1727241854621637
0.85,0.9827836503940148,0.23288268354317745,0.17149074996002803
0.851,0.9830431449189374,0.23151143395701201,0.1702578750225076
0.852,0.983300255060608,0.23014202682193408,0.16902557802106669
0.853,0.9835549902022556,0.22877446677682756,0.16779387619186614
0.854,0.9838073597238567,0.22740875839468438,0.16656278663596832
0.855,0.9840573730017667,0.22604490618290057,0.16533232631955194
0.856,0.9843050394083499,0.2246829145835737,0.16410251207413484
0.857,0.9845503683116192,0.22332278797380106,0.16287336059680524
0.858,0.9847933690748727,0.2219645306659811,0.16164488845046218
0.859,0.9850340510563403,0.22060814690811437,0.1604171120640636
0.86,0.9852724236088293,0.21925364088410676,0.15919004773288234
0.861,0.9855084960793774,0.2179010167140744,0.15796371161877157
0.862,0.9857422778089067,0.2165502784546489,0.15673811975043628
0.863,0.9859737781318827,0.21520143009928472,0.1555132880237141
0.864,0.9862030063759772,0.2138544755785678,0.15428923220186358
0.865,0.9864299718617322,0.21250941876052365,0.15306596791585803
0.866,0.9866546839022332,0.2111662634509296,0.1518435106646907
0.867,0.9868771518027794,0.20982501339362492,0.15062187581568312
0.868,0.9870973848605618,0.2084856722708246,0.14940107860480362
0.869,0.9873153923643447,0.20714824370343243,0.1481811341369915
0.87,0.9875311835941496,0.2058127312513559,0.14696205738648846
0.871,0.9877447678209408,0.20447913841382143,0.14574386319717653
0.872,0.9879561543063217,0.20314746862969163,0.1445265662829243
0.873,0.9881653523022244,0.20181772527778147,0.14331018122793662
0.874,0.9883723710506122,0.20048991167717733,0.1420947224871143
0.875,0.9885772197831808,0.19916403108755582,0.14088020438641802
0.876,0.9887799077210633,0.1978400867095027,0.1396666411232385
0.877,0.9889804440745398,0.19651808168483403,0.13845404676677392
0.878,0.9891788380427518,0.19519801909691692,0.13724243525841281
0.879,0.9893750988134148,0.19387990197099092,0.13603182041212203
0.88,0.989569235562543,0.1925637332744904,0.13482221591484203
0.881,0.989761257454168,0.19124951591736739,0.13361363532688658
0.882,0.9899511736400695,0.18993725275241502,0.13240609208234905
0.883,0.9901389932595028,0.18862694657559095,0.131199599489513
0.884,0.9903247254389322,0.1873186001263415,0.12999417073126854
0.885,0.990508379291771,0.18601221608792717,0.12878981886553528
0.886,0.9906899639181195,0.18470779708774643,0.1275865568256878
0.887,0.9908694884045088,0.1834053456976622,0.1263843974209886
0.888,0.9910469618236498,0.18210486443432689,0.1251833533370242
0.889,0.9912223932341819,0.18080635575950857,0.12398343713614725
0.89,0.9913957916804288,0.17950982208041733,0.12278466125792258
0.891,0.9915671661921532,0.17821526575003158,0.12158703801957801
0.892,0.9917365257843203,0.1769226890674247,0.12039057961645998
0.893,0.9919038794568598,0.17563209427809207,0.11919529812249326
0.894,0.992069236194433,0.1743434835742778,0.11800120549064481
0.895,0.9922326049662044,0.17305685909530175,0.11680831355339209
0.896,0.992393994725614,0.17177222292788677,0.1156166340231955
0.897,0.9925534144101553,0.17048957710648585,0.11442617849297451
0.898,0.9927108729411542,0.16920892361360917,0.1132369584365878
0.899,0.9928663792235537,0.16793026438015135,0.11204898520931741
0.9,0.9930199421456982,0.1666536012857184,0.11086227004835598
0.901,0.9931715705791256,0.165378936158955,0.10967682407329844
0.902,0.9933212733783577,0.1641062707778712,0.10849265828663637
0.903,0.9934690593806972,0.16283560687016913,0.10730978357425601
0.904,0.9936149374060267,0.1615669461135701,0.10612821070594024
0.905,0.9937589162566103,0.16030029013614044,0.10494795033587255
0.906,0.9939010047168984,0.15903564051661845,0.10376901300314527
0.907,0.9940412115533366,0.15777299878473966,0.10259140913226997
0.908,0.994179545514175,0.15651236642156308,0.10141514903369118
0.909,0.9943160153292847,0.15525374485979662,0.10024024290430333
0.91,0.994450629709974,0.15399713548412228,0.09906670082796987
0.911,0.9945833973488063,0.15274253963152068,0.09789453277604479
0.912,0.9947143269194272,0.15148995859159614,0.0967237486078982
0.913,0.9948434270763864,0.15023939360690006,0.0955543580714423
0.914,0.9949707064549687,0.14899084587325523,0.0943863708036616
0.915,0.9950961736710253,0.1477443165400788,0.09321979633114454
0.916,0.9952198373208084,0.14649980671070517,0.09205464407061745
0.917,0.9953417059808083,0.14525731744270842,0.09089092332948097
0.918,0.9954617882075929,0.1440168497482241,0.08972864330634811
0.919,0.995580092537653,0.14277840459427066,0.08856781309158496
0.92,0.995696627487246,0.1415419829030702,0.08740844166785255
0.921,0.9958114015522446,0.14030758555236883,0.08625053791065111
0.922,0.9959244232079897,0.13907521337575632,0.08509411058886603
0.923,0.9960357009091425,0.13784486716298527,0.08393916836531527
0.924,0.9961452430895433,0.13661654766028947,0.08278571979729858
0.925,0.9962530581620679,0.13539025557070178,0.08163377333714797
0.926,0.9963591545184942,0.13416599155437176,0.08048333733278071
0.927,0.996463540529362,0.1329437562288815,0.07933442002825172
0.928,0.9965662245438438,0.13172355016956191,0.07818702956430926
0.929,0.9966672148896136,0.1305053739098079,0.07704117397895092
0.93,0.9967665198727195,0.12928922794139255,0.07589686120798077
0.931,0.9968641477774586,0.12807511271478095,0.07475409908556786
0.932,0.9969601068662552,0.12686302863944324,0.0736128953448059
0.933,0.9970544053795409,0.12565297608416637,0.07247325761827324
0.934,0.9971470515356369,0.1244449553773659,0.07133519343859468
0.935,0.9972380535306384,0.12323896680739616,0.07019871023900318
0.936,0.997327419538305,0.12203501062286032,0.06906381535390337
0.937,0.9974151577099475,0.12083308703291895,0.06793051601943459
0.9380000000000001,0.9975012761743225,0.11963319620759824,0.06679881937403563
0.9390000000000001,0.9975857830375265,0.11843533827809719,0.06566873245900948
0.9400000000000001,0.9976686863828936,0.11723951333709368,0.06454026221908862
0.9410000000000001,0.9977499942708936,0.11604572143905006,0.06341341550300093
0.9420000000000001,0.9978297147390376,0.1148539626005175,0.062288199064036105
0.9430000000000001,0.9979078558017777,0.11366423680043958,0.061164619560611956
0.9440000000000001,0.9979844254504164,0.11247654398045481,0.06004268355684143
0.9450000000000001,0.998059431653016,0.11129088404519843,0.05892239752309977
0.9460000000000001,0.998132882354307,0.11010725686260289,0.05780376783659153
0.9470000000000001,0.9982047854756039,0.10892566226419767,0.056686800781918074
0.9480000000000001,0.9982751489147205,0.1077461000454081,0.05557150255164514
0.9490000000000001,0.998343980545886,0.10656856996585279,0.0544578792468698
0.9500000000000001,0.9984112882196671,0.10539307174964069,0.053345936877788346
0.9510000000000001,0.9984770797628888,0.10421960508566633,0.052235681364262966
0.9520000000000001,0.9985413629785588,0.10304816962790483,0.05112711853638923
0.9530000000000001,0.9986041456457943,0.10187876499570536,0.05002025413506278
0.9540000000000001,0.9986654355197507,0.10071139077408367,0.048915093812546016
0.9550000000000001,0.9987252403315512,0.09954604651401344,0.04781164313303413
0.9560000000000001,0.99878356778822,0.0983827317327168,0.04670990757322123
0.9570000000000001,0.9988404255726174,0.09722144591395365,0.04560989252286583
0.9580000000000001,0.9988958213433758,0.09606218850830989,0.04451160328535596
0.9590000000000001,0.9989497627348386,0.09490495893348418,0.043415045078273304
0.96,0.9990022573570002,0.09374975657457439,0.04232022303395769
0.961,0.9990533127954504,0.09259658078436184,0.041227142200069865
0.962,0.9991029366113175,0.09144543088359583,0.04013580754015506
0.963,0.9991511363412149,0.09029630616127543,0.03904622393420421
0.964,0.9991979194971896,0.08914920587493155,0.037958396179215946
0.965,0.9992432935666731,0.08800412925090648,0.03687232898975642
0.966,0.9992872660124329,0.08686107548463368,0.035788026998519774
0.967,0.9993298442725265,0.0857200437409153,0.034705494756886536
0.968,0.9993710357602569,0.084581033154199,0.033624736735481726
0.969,0.9994108478641319,0.08344404282885354,0.03254575732473196
0.97,0.9994492879478214,0.08230907183944307,0.031468560835421426
0.971,0.9994863633501193,0.08117611923100036,0.030393151499247015
0.972,0.9995220813849074,0.08004518401929875,0.029319533469372373
0.973,0.9995564493411184,0.07891626519112271,0.028247710820980633
0.974,0.9995894744827037,0.0777893617045376,0.02717768755182643
0.975,0.9996211640486008,0.07666447248915774,0.02610946758278643
0.976,0.9996515252527032,0.07554159644641358,0.025043054758408793
0.977,0.9996805652838313,0.07442073244981737,0.02397845284746132
0.978,0.9997082913057069,0.07330187934522807,0.02291566554347873
0.979,0.9997347104569259,0.07218503595111418,0.021854696465307834
0.98,0.999759829850936,0.07107020105881631,0.020795549157652384
0.981,0.9997836565760145,0.06995737343280756,0.01973822709161565
0.982,0.9998061976952466,0.06884655181095338,0.018682733665242292
0.983,0.9998274602465076,0.0677377349047697,0.017629072204058394
0.984,0.9998474512424459,0.06663092139968015,0.016577245961610435
0.985,0.9998661776704638,0.06552610995527135,0.01552725812000203
0.986,0.9998836464927078,0.06442329920554804,0.014479111790430403
0.987,0.9998998646460517,0.0633224877591857,0.013432810013720002
0.988,0.9999148390420871,0.06222367419978274,0.012388355760855476
0.989,0.9999285765671124,0.06112685708611113,0.011345751933512735
0.99,0.999941084082125,0.060032034952365546,0.010305001364588243
0.991,0.9999523684228132,0.05893920630841155,0.00926610681872699
0.992,0.999962436399551,0.057848369640032385,0.00822907099284871
0.993,0.9999712947973931,0.05675952340917435,0.007193896516672252
0.994,0.9999789503760721,0.055672666054190925,0.006160585953238361
0.995,0.9999854098699967,0.05458779599008557,0.005129141799430668
0.996,0.9999906799882521,0.05350491160875341,0.00409956648649508
0.997,0.9999947674145987,0.05242401127922153,0.003071862380557337
0.998,0.9999976788074761,0.05134509334788756,0.0020460317831384003
0.999,0.9999994208000073,0.050268156138757784,0.0010220769316687602
1.0,1.0,0.04919319795368293,
