meeting_id,tot,n,dm_enum,dm_closing,dm_conn,li_aizuchi,li_understand,conf_request,conf_report,su_proposal,su_hedged,su_risk,info,listen,conf,speakup,y_weak,y_nonverbal,y_combined
tv001,837.2400000000001,177,0.0496870670297644,0.0,0.2133319000525533,0.0,0.0060197792747599,0.0,0.0,0.0360947876355646,0.0,0.0308872008026373,0.9996918776150856,0.4372134742719198,0.0002063089982784,0.9998686010298704,0.6092450654787885,0.3507369837352704,0.48464417007841276
tv002,229.75,54,0.0,0.0,0.1480304678998912,0.0726441784548423,0.0766485310119695,0.0,0.0,0.0,0.0360391730141458,0.0,0.5560165835999645,0.9999978130321572,0.0002063089982784,0.0558750453995533,0.4030239377574883,0.1739130434782609,0.2925924867149007
tv003,139.81,36,0.0,0.0,0.1351119376296401,0.0523567699020099,0.0414848723267291,0.0,0.0,0.03147128245476,0.0972748730419855,0.0,0.5560165835999645,0.9999978130321572,0.0002063089982784,0.9572994167622596,0.6283800305981648,0.1283643892339544,0.3873724914606154
tv004,86.18,27,0.0250638199118124,0.062891622186122,0.1401717335808772,0.0058018101647714,0.017869575307496,0.0,0.1146437688558829,0.0,0.0,0.0,0.9993591079965964,0.9813753752651536,0.9996931558402028,0.004521877866023,0.7462373792419941,0.4472049689440993,0.6021037574784087
tv005,58.400000000000006,14,0.0,0.0,0.1671232876712328,0.0,0.0147260273972602,0.0,0.0,0.0,0.0,0.0,0.6076040908673526,0.8987331268192651,0.5,0.5,0.6265843044216544,0.3496562886215744,0.4931050008060158
tv006,176.12,43,0.0304337951396774,0.0,0.148762207585737,0.0007949125596184,0.0056779468544174,0.0,0.056665909607086,0.0187372246195775,0.0441744265273677,0.124687712923007,0.9996918776150856,0.9813753752651536,0.997970552534601,0.9998612094034116,0.994724753704563,0.5468875942022685,0.778867242824457
tv007,59.49,22,0.0,0.0,0.0184905026054799,0.0,0.0,0.0,0.0,0.0,0.0,0.0124390653891409,0.3002002702918852,0.0040888396859692,0.5,0.1130349623012105,0.2293310180697662,0.5817805383022775,0.39921168682183666
tv008,22.76,6,0.0,0.0,0.0,0.0,0.0,0.0,0.0,0.0,0.0,0.0,0.2408966069164803,0.5,0.5,0.5,0.4352241517291201,0.4492753623188406,0.4419968352333654
tv009,29.000000000000004,5,0.0,0.0,0.0,0.0,0.0,0.0,0.0,0.0,0.0,0.0,0.2408966069164803,0.5,0.5,0.5,0.4352241517291201,0.4729518956686276,0.45340892430796276
tv010,36.05,7,0.0,0.0,0.0,0.0,0.0,0.0,0.0,0.0,0.0,0.0,0.2408966069164803,0.5,0.5,0.5,0.4352241517291201,0.0351966873706004,0.24241091390831362
tv011,88.3,23,0.0,0.0,0.2593431483578708,0.0257078142695356,0.1455266138165344,0.0,0.0,0.1071347678369195,0.0,0.0280860702151755,0.3387673778533657,0.9999978130321572,0.5,0.9999334224758848,0.709674653340352,0.6030892259080388,0.658300477317977
tv012,31.08,2,0.0,0.0,0.0,0.0,0.0,0.0,0.0,0.0,0.0,0.0,0.2408966069164803,0.5,0.5,0.5,0.4352241517291201,0.1407867494824016,0.2933053238462018
tv013,36.559999999999995,14,0.0,0.0,0.062363238512035,0.0968271334792122,0.0,0.0,0.0,0.0,0.0,0.0,0.5645625089987539,0.9996173915459168,0.5,0.5,0.6410449751361676,0.3354037267080745,0.4937258933938268
tv014,78.95,16,0.0962634578847372,0.0,0.2083597213426218,0.0,0.0314122862571248,0.0,0.0423052564914502,0.0,0.0,0.0,0.9999978494011044,0.9387261714334026,0.901909577119142,0.5,0.8351583994884122,0.4492753623188406,0.6491627755726788
tv015,19.72,1,0.0,0.0,0.0,0.0,0.0,0.0,0.0,0.0,0.0,0.0,0.2408966069164803,0.5,0.5,0.5,0.4352241517291201,0.5155279503105591,0.4739305826453737
tv016,18.9866875,3,0.0,0.0,0.4796354024365755,0.0,0.0,0.0,0.0,0.0,0.0,0.0,0.6076040908673526,0.5,0.5,0.5,0.5269010227168381,0.670807453416149,0.596263922313906
tv017,10.48,2,0.5229007633587787,0.0,0.0,0.0,0.0,0.0,0.0,0.0,0.0,0.0,0.9999895064541828,0.5,0.5,0.5,0.6249973766135457,0.488206011696967,0.5590639387237548
tv018,245.12,50,0.0576452349869451,0.0,0.1924363577023499,0.0119941253263707,0.0252937336814621,0.0,0.0117493472584857,0.008567232375979,0.0150946475195822,0.0464262402088775,0.9999991201952848,0.9990385635898676,0.581204772372965,0.9995950507793946,0.894959376734378,0.1159420289855072,0.5194730151194222
tv019,340.96,82,0.0567221961520412,0.0,0.1311590802440167,0.0295635851712809,0.0283904270295635,0.0,0.0,0.0102064758329421,0.0,0.0442867198498357,0.9999991201952848,0.9999978130321572,0.0002063089982784,0.9981947518486948,0.7495994985186039,0.6156060710851393,0.685014666495674
tv020,996.77,198,0.0547668970775604,0.0007022683266952,0.1056211563349617,0.0040932211041664,0.014928218144607,0.0044744524815153,0.0314816858452802,0.0055579521855594,0.0,0.0,0.999998383768834,0.9813753752651536,0.9749257880503758,0.6324515594512827,0.8971877766339116,0.4451345755693581,0.6792981337207968
tv021,469.59,79,0.0,0.0008518068953767,0.0560914840605634,0.0,0.0,0.0,0.0,0.0538554909601993,0.0,0.0085180689537681,0.4053692761530672,0.0040888396859692,0.0002063089982784,0.9998686010298704,0.3523832564667963,0.5630256677083295,0.4539128986852153
tv022,59.21,9,0.0,0.1535213646343523,0.1009964533018071,0.0,0.0,0.0,0.0,0.0,0.0,0.0,0.6036760949161432,0.5,0.5,0.5,0.5259190237290358,0.7532439518253686,0.6354896390714682
tv023,397.8451250000001,102,0.0514270471455444,0.0,0.0873204114289449,0.0,0.0096017262999012,0.0,0.0327765735473069,0.008420362069285,0.0,0.0208623896044973,0.9996320343701716,0.4372134742719198,0.581204772372965,0.9607212199470636,0.74469287524053,0.4710175194810571,0.6127813537644641
tv024,62.02,15,0.0,0.0,0.0,0.0161238310222508,0.1483392454047081,0.0,0.0,0.0,0.0,0.0,0.2408966069164803,0.9999978130321572,0.5,0.5,0.5602236049871594,0.8074534161490684,0.6793883739671995
tv025,103.33,31,0.0,0.0,0.1523274944353043,0.0183876899254814,0.0106455046936997,0.0,0.0330978418658666,0.0,0.0,0.023613664956934,0.5560165835999645,0.9999568740495752,0.901909577119142,0.0606513711223249,0.6296336014727517,0.5534618585090135,0.5929188213642299
tv026,22.96,5,0.0,0.1794425087108014,0.2639372822299651,0.0,0.0,0.0,0.0,0.0,0.0,0.0,0.6452806238500515,0.5,0.5,0.5,0.5363201559625128,0.5171227790955868,0.5270670203126544
tv027,15.02,6,0.0,0.0,0.0785619174434087,0.0,0.0,0.0,0.0,0.0,0.0,0.1624500665778961,0.5645625089987539,0.5,0.5,0.9822077777448291,0.6366925716858958,0.4679089026915113,0.5553388432306025
tv028,101.86,7,0.0,0.0,0.0,0.0,0.0,0.0,0.0,0.0,0.0,0.0,0.2408966069164803,0.5,0.5,0.5,0.4352241517291201,0.1573498964803312,0.30128876069920385
tv029,141.23000000000002,39,0.0747716490830559,0.0,0.1104581179636054,0.032004531615096,0.1364440982794023,0.0,0.0233661403384549,0.0,0.0,0.104935212065425,0.9999989492577062,0.9999978130321572,0.581204772372965,0.5934403499041494,0.7936604711417444,0.1987577639751553,0.5069173662874484
tv030,188.93,59,0.0263589689302916,0.0,0.1162335256444185,0.0094214788546021,0.0076218705340603,0.0,0.0,0.0,0.0,0.0,0.9996918776150856,0.9813753752651536,0.0002063089982784,0.004521877866023,0.4964488599361352,0.4785080324695825,0.4878013810972568
tv031,62.48,8,0.0,0.0,0.2884122919334186,0.0,0.0,0.0,0.0,0.0,0.0,0.0,0.6076040908673526,0.5,0.5,0.5,0.5269010227168381,0.5051759834368529,0.5164295537838852
tv032,31.979999999999997,8,0.0,0.0,0.2964352720450282,0.0,0.0,0.0,0.0,0.0,0.0,0.0,0.6076040908673526,0.5,0.5,0.5,0.5269010227168381,0.6335403726708074,0.5783011893946514
tv033,89.34,12,0.0,0.0,0.1678979180658159,0.0,0.0,0.0,0.0,0.0,0.0,0.0,0.6076040908673526,0.5,0.5,0.5,0.5269010227168381,0.2795031055900621,0.40765522666173215
tv034,136.448,24,0.0,0.0,0.0,0.0,0.0,0.0,0.0,0.0,0.0,0.0,0.0950209501216211,0.0040888396859692,0.0013652851975152,0.0088859368364555,0.0273402529603903,0.3192232130490511,0.1680278397231248
tv035,155.87,70,0.0178353756335406,0.0165522550843651,0.1034195162635531,0.0091101558991466,0.0,0.0284852761916982,0.0425996022326297,0.0134727657663437,0.0186052479630461,0.0,0.9994341142363796,0.2178145925712954,0.9749257880503758,0.8848153027210299,0.7692474493947703,0.7828398486613234,0.7757989858412488
tv036,134.19,41,0.0,0.0,0.0989641553021834,0.0040241448692152,0.0040241448692152,0.0,0.0,0.0,0.0374096430434458,0.0,0.5118624152730179,0.9813753752651536,0.0002063089982784,0.0558750453995533,0.3873297862340008,0.7204968944099379,0.5479163323748025
tv037,14.68,3,0.0,0.0,0.3365122615803815,0.0,0.0,0.0,0.0,0.0,0.0,0.0,0.6076040908673526,0.5,0.5,0.5,0.5269010227168381,0.6531990465591397,0.5877766702088275
tv038,45.39,10,0.0,0.0,0.0,0.0361313064551663,0.0,0.0,0.0,0.0,0.0,0.0,0.2408966069164803,0.9996173915459168,0.5,0.5,0.5601284996155993,0.1909370068632666,0.38217820010897496
tv039,38.440000000000005,12,0.0,0.0,0.0,0.0,0.0,0.0509885535900104,0.04474505723205,0.0509885535900104,0.0,0.0,0.2408966069164803,0.5,0.997719610795192,0.9998374375847068,0.6846134138240948,0.3294493356462541,0.5134243281423756
tv040,42.92,13,0.0,0.0,0.3164026095060578,0.0573159366262814,0.0,0.0,0.0,0.0,0.0,0.0,0.6076040908673526,0.9996173915459168,0.5,0.5,0.6518053706033173,0.6086956521739131,0.6310264863203445
tv041,47.28,21,0.0867174280879864,0.0,0.0905245346869712,0.0,0.0,0.0,0.0,0.0,0.0,0.0,0.9999974315610956,0.0040888396859692,0.5,0.0088859368364555,0.3782430520208801,0.453423226875812,0.4144798963009573
tv042,166.82999999999998,68,0.0,0.0,0.1949289696097824,0.0050350656356771,0.0050350656356771,0.0,0.0,0.0098303662410836,0.0,0.0,0.5560165835999645,0.9813753752651536,0.0002063089982784,0.6324515594512827,0.5425124568286699,0.4656108034327351,0.5054458598918293
tv043,51.54,17,0.0,0.0,0.0589833139309274,0.0,0.1587116802483508,0.0,0.0,0.0,0.0,0.0,0.3002002702918852,0.9387261714334026,0.5,0.1466075338698598,0.4713834938987869,0.6497456652531157,0.5573540604915734
tv044,42.36,13,0.0,0.0,0.1251180358829084,0.0254957507082152,0.0,0.0,0.0,0.0684608120868743,0.0,0.0,0.6076040908673526,0.9996173915459168,0.5,0.9998374375847068,0.776764729999494,0.5217468862070157,0.6538461292915194
tv045,9.54,3,0.0,0.0,0.2641509433962264,0.0,0.6582809224318658,0.0,0.0,0.0,0.0,0.0,0.6076040908673526,0.9943186938471684,0.5,0.5,0.6504806961786302,0.525678840476219,0.5903262017300681
tv046,16.46,3,0.0,0.0,0.0,0.0,0.7059538274605104,0.0,0.0,0.0,0.0,0.0,0.2408966069164803,0.9943186938471684,0.5,0.5,0.5588038251909122,0.5610766045548654,0.5598993048443377
tv047,8.42,1,0.0,0.0,0.0,0.0,0.0,0.0,0.0,1.0,0.0,1.0,0.2408966069164803,0.5,0.5,0.999997054789799,0.5602234154265698,0.2298136645962732,0.4009659155263669
tv048,44.7,14,0.0,0.0,0.0791946308724832,0.0192393736017896,0.0666666666666667,0.0,0.0,0.0,0.0,0.0,0.5645625089987539,0.9999978130321572,0.5,0.5,0.6411400805077277,0.4491563456090541,0.548603920286567
tv049,43.0,13,0.0,0.0,0.2790697674418603,0.0167441860465117,0.0,0.0,0.1023255813953488,0.0,0.0,0.0,0.6076040908673526,0.9996173915459168,0.9996931558402028,0.5,0.776728659563368,0.7598343685300207,0.7685856112852947
tv050,141.24,28,0.0104786179552534,0.0,0.0354007363353157,0.0025488530161427,0.0,0.0,0.0504106485414896,0.0,0.0114698385726422,0.0410648541489662,0.9996320343701716,0.2178145925712954,0.9996931558402028,0.2237490174384279,0.6102222000550245,0.5950998556972392,0.602933230074572
tv051,41.3,9,0.0,0.0,0.0,0.0,0.0639225181598063,0.0,0.1564164648910411,0.0,0.0,0.0,0.2408966069164803,0.9943186938471684,0.9996931558402028,0.5,0.6837271141509629,0.2567287784679089,0.4779139163517309
tv052,57.18,17,0.1276670164393144,0.0,0.1084295208114725,0.0,0.0,0.0,0.0,0.1133263378803777,0.0,0.0,0.9999974315610956,0.0040888396859692,0.5,0.99905447626528,0.6257851868780862,0.6663518515565187,0.6453383192530906
tv053,43.6,12,0.1688073394495413,0.0,0.413302752293578,0.0,0.0,0.0,0.0954128440366973,0.0,0.0931192660550458,0.0,0.9999978494011044,0.5,0.9996931558402028,0.8684381255758293,0.8420322827042841,0.6790890269151139,0.763493633413904
tv054,85.14,21,0.0,0.0,0.1654921306084097,0.0,0.0,0.0,0.0458069062720225,0.0,0.0,0.0,0.3387673778533657,0.0040888396859692,0.9996931558402028,0.0088859368364555,0.3378588275539984,0.2795031055900621,0.3097313695673811
tv055,7.44,2,0.0,0.0,0.0,0.0,0.0,0.0,0.0,0.0,0.0,0.1505376344086021,0.2408966069164803,0.5,0.5,0.9822077777448291,0.5557760961653274,0.4077482506486359,0.4844266746262821
tv056,278.01,73,0.0302866803352398,0.0,0.0635228948598971,0.0095680011510376,0.0277687852954929,0.0187043631524045,0.0164022876874932,0.0107190388834934,0.0,0.0711485198374159,0.9996320343701716,0.9990385635898676,0.9749257880503758,0.9981947518486948,0.9929477844647774,0.6606845163114096,0.8327968892148541
tv057,35.78,6,0.0,0.0,0.0,0.0,0.0,0.0,0.0,0.4041363890441588,0.0,0.0570150922302962,0.2408966069164803,0.5,0.5,0.999997054789799,0.5602234154265698,0.8141221794052234,0.6826026196642809
tv058,295.55,43,0.0,0.0,0.0939942480121805,0.0646929453561157,0.0753848756555573,0.0,0.0187447132464895,0.0,0.0,0.0,0.5118624152730179,0.9999978130321572,0.581204772372965,0.004521877866023,0.5243967196360408,0.530959073152966,0.5275597740311988
tv059,64.27,12,0.0,0.0718842383693792,0.0,0.0,0.0,0.0,0.0,0.0,0.0448109537887038,0.0,0.2715714922278129,0.5,0.5,0.8684381255758293,0.5350024044509105,0.3864838124305864,0.4634164430971143
tv060,302.67,83,0.0167839561238312,0.0,0.0861994911950307,0.0220372022334556,0.0149998348035814,0.0385898833713285,0.0,0.0120262992698318,0.0,0.0986553011530709,0.9996320343701716,0.9999568740495752,0.0057480567193133,0.9981947518486948,0.7508829292469388,0.6500102846808726,0.7022623145660949
tv061,34.739999999999995,15,0.0,0.0,0.1727115716753022,0.0,0.0,0.0,0.0,0.0,0.0,0.0,0.6076040908673526,0.0040888396859692,0.5,0.5,0.4029232326383304,0.567287784679089,0.48214694672197606
tv062,11.34,4,0.0,0.0,0.0,0.0,0.0,0.0,0.0,0.0,0.0,0.0,0.2408966069164803,0.5,0.5,0.5,0.4352241517291201,0.3923053681634914,0.41453729805048706
tv063,31.32,15,0.061941251596424,0.0,0.0977011494252874,0.0,0.0,0.0,0.0,0.0,0.0,0.0,0.9999974315610956,0.0040888396859692,0.5,0.5,0.5010215678117662,0.6518331941640013,0.5737127717135435
tv064,112.56,21,0.0,0.0,0.1175373134328358,0.0,0.0,0.0,0.0357142857142857,0.0,0.0,0.0,0.3387673778533657,0.0040888396859692,0.901909577119142,0.0088859368364555,0.3134129328737332,0.2049689440993789,0.2611429302844944
tv065,114.08,31,0.0404978962131837,0.0,0.1025596072931275,0.0,0.0,0.0,0.0,0.0,0.0,0.0122720897615708,0.9996320343701716,0.0040888396859692,0.0013652851975152,0.0606513711223249,0.2664343825939952,0.2038868971634779,0.23628649461648588
tv066,244.24,72,0.0545365214543072,0.0095807402554864,0.1103013429413691,0.0054045201441205,0.0,0.0,0.0,0.0,0.0,0.0,0.999998383768834,0.2178145925712954,0.0002063089982784,0.004521877866023,0.3056352908011077,0.378539380310976,0.34077506194486423
tv067,61.889999999999986,17,0.0,0.0,0.1837130392632089,0.0106640814348036,0.0,0.0,0.0,0.0,0.0,0.115204394894167,0.3387673778533657,0.2178145925712954,0.5,0.9822077777448291,0.5096974370423726,0.6625258799171841,0.5833607465080317
tv068,423.45,116,0.0593222340299917,0.0207580588026921,0.1194473963868223,0.0046522611878616,0.0046522611878616,0.0079820521903412,0.0232376904002833,0.0152084071318927,0.0,0.0346203802101783,0.9999986467015364,0.9813753752651536,0.9749257880503758,0.9607212199470636,0.9792552574910324,0.5321513478416376,0.7637511730400242
tv069,49.16,9,0.0,0.1871440195280715,0.2546786004882017,0.0,0.272579332790887,0.0,0.272579332790887,0.0,0.1183889340927583,0.0,0.6452806238500515,0.9943186938471684,0.9996931558402028,0.8684381255758293,0.876932649778313,0.6092660582422958,0.7479173526579528
tv070,54.24,21,0.0,0.0,0.1438053097345133,0.0184365781710913,0.0306047197640117,0.0,0.0,0.0328171091445427,0.1238938053097345,0.0,0.3387673778533657,0.9999978130321572,0.5,0.999856645221655,0.7096554590267945,0.9254658385093169,0.8136760619373703
tv071,113.68,42,0.0877902885292048,0.0,0.0994018296973962,0.0381773399014778,0.0381773399014778,0.0,0.0100281491907107,0.0244546094299788,0.0,0.0587614356087262,0.9999989492577062,0.9999978130321572,0.581204772372965,0.9981947518486948,0.8948490716278807,0.6583850931677019,0.7808734340100746
tv072,218.68600000000004,52,0.0045727664322361,0.0,0.0406976212469019,0.0965768270488279,0.0,0.0,0.0,0.0,0.0,0.0215834575601547,0.9996320343701716,0.991905351307254,0.0002063089982784,0.0606513711223249,0.5130987664495072,0.1904761904761904,0.35759468483036855
tv073,50.26,21,0.0,0.0,0.0358137684042977,0.0,0.0,0.0,0.0,0.0,0.0,0.0,0.3002002702918852,0.0040888396859692,0.5,0.0088859368364555,0.2032937617035775,0.979296066252588,0.5773268724962005
tv074,55.0,10,0.0,0.0,0.0,0.0,0.0,0.0,0.0,0.0,0.0,0.0,0.2408966069164803,0.5,0.5,0.5,0.4352241517291201,0.0351966873706003,0.24241091390831357
tv075,274.84,79,0.067748508222966,0.0,0.1106825789550284,0.0049483335758985,0.0347838742541114,0.0,0.0,0.0,0.0175374763498762,0.0376218890991122,0.9999989492577062,0.9990385635898676,0.0002063089982784,0.2237490174384279,0.55574820982107,0.6207027241444809,0.587056285724954
tv076,166.48,51,0.0709995194617972,0.0078087457952907,0.1399567515617491,0.0,0.0122537241710715,0.0,0.0,0.0422873618452666,0.0,0.0367611725132148,0.9999986467015364,0.4372134742719198,0.0002063089982784,0.9998686010298704,0.6093217577504013,0.5293551114638843,0.5707778342403
tv077,38.28,18,0.073667711598746,0.0527690700104492,0.0,0.0,0.0919540229885057,0.0,0.0,0.0,0.0,0.0,0.999991067861536,0.9387261714334026,0.5,0.1466075338698598,0.6463311932911996,0.5286685783338793,0.5896178128817713
tv078,28.379999999999995,12,0.0,0.0,0.3791402396053558,0.007751937984496,0.076109936575053,0.0,0.2374911909795631,0.2374911909795631,0.0,0.1945031712473573,0.6076040908673526,0.9990385635898676,0.9996931558402028,0.999997054789799,0.9015832162718056,0.3627697229087079,0.6418751124707924
tv079,79.24,17,0.0,0.0,0.0880868248359414,0.0,0.0111055022715799,0.0,0.0729429581019685,0.0194346289752651,0.0,0.0,0.3002002702918852,0.4372134742719198,0.9996931558402028,0.7725356374263865,0.6274106344575987,0.407320752380149,0.521327311296268
tv080,49.9,11,0.0,0.0,0.1787575150300601,0.0,0.1054108216432865,0.0,0.0,0.1118236472945893,0.0,0.0,0.6076040908673526,0.9943186938471684,0.5,0.9998374375847068,0.7754400555748069,0.2008281573498964,0.49847712063040006
tv081,510.5721875,95,0.0,0.0,0.0882343400266,0.0065416802594637,0.0,0.0,0.0045830933554327,0.0100671366867197,0.004465578141191,0.0133183909474113,0.5118624152730179,0.2178145925712954,0.581204772372965,0.9909248011640488,0.5754516453453318,0.5693581780538303,0.5725145941108281
tv082,180.44,56,0.0115273775216138,0.0,0.1035247173575703,0.0537020616271337,0.0116382176900908,0.0,0.0,0.0,0.0,0.0,0.9996320343701716,0.9999568740495752,0.0002063089982784,0.004521877866023,0.501079273821012,0.3775192167395065,0.4415233263077264
tv083,71.36,26,0.0,0.0381165919282511,0.1065022421524662,0.0,0.0,0.0,0.0,0.0,0.0,0.0215807174887892,0.3350931808096259,0.0040888396859692,0.0013652851975152,0.0606513711223249,0.1002996692038588,0.6645962732919255,0.372290632374307
tv084,151.52,23,0.06850580781415,0.0,0.2659714889123547,0.0,0.0,0.0,0.0776135163674762,0.0,0.0,0.0,0.9999978494011044,0.0040888396859692,0.9996931558402028,0.0088859368364555,0.503166445440933,0.2993675853468007,0.40493539487556124
tv085,34.980000000000004,3,0.0,0.0,0.0,0.0,0.0,0.0,0.0,0.0,0.0,0.0,0.2408966069164803,0.5,0.5,0.5,0.4352241517291201,0.1739130434782609,0.309272197552206
tv086,21.26,5,0.0,0.0,0.2831608654750706,0.0,0.0,0.0,0.0,0.0,0.0,0.1900282220131702,0.6076040908673526,0.5,0.5,0.9822077777448291,0.6474529671530455,0.6281835291725012,0.6381650980464231
tv087,102.72,18,0.0,0.0,0.050233644859813,0.0,0.0,0.0,0.0,0.0,0.0,0.0,0.3002002702918852,0.0040888396859692,0.5,0.1466075338698598,0.2377241609619285,0.113871635610766,0.17802724374266818
tv088,197.7,54,0.0186140617096611,0.0,0.1753161355589276,0.0,0.0129489124936772,0.0,0.0,0.0,0.0,0.0370257966616084,0.9996918776150856,0.4372134742719198,0.0002063089982784,0.0606513711223249,0.3744407580019022,0.7935013170863717,0.5764279474806165
tv089,652.05,202,0.0519898780768347,0.006333870101986,0.1521202361782077,0.0033126293995858,0.0073613986657465,0.0,0.0030365769496203,0.0161950770646423,0.0032819569051453,0.0332489839736217,0.9999986467015364,0.9813753752651536,0.581204772372965,0.9909248011640488,0.8883758988759259,0.7107301822033755,0.8027506634397567
tv090,85.43,27,0.0,0.0,0.3104295914784034,0.0072574037223458,0.0,0.0,0.0,0.0341800304342736,0.0,0.0,0.5560165835999645,0.2178145925712954,0.0013652851975152,0.9981354877673811,0.4433329872840391,0.6798348740609678,0.5573268967105187
tv091,105.7,33,0.0473036896877956,0.0,0.1508041627246926,0.0047303689687795,0.0047303689687795,0.0,0.0,0.0,0.0,0.0206244087038788,0.9996918776150856,0.9813753752651536,0.0002063089982784,0.0606513711223249,0.5104812332502107,0.8157349896480331,0.6576135438339611
tv092,85.9603125,22,0.0,0.0,0.0816655942240786,0.0107026134880558,0.0246625441246505,0.0,0.0411817953779542,0.0839922493301777,0.0114006100198856,0.1663558400860862,0.3002002702918852,0.9990385635898676,0.901909577119142,0.9999986978400666,0.8002867772102402,0.6604554865424431,0.7328880951083621
tv093,16.98,1,0.0,0.0,0.0,0.0,0.0,0.0,0.0,0.0,0.0,0.0,0.2408966069164803,0.5,0.5,0.5,0.4352241517291201,0.732358370705275,0.5784428452756267
tv094,55.04,18,0.0,0.0,0.1609738372093022,0.0,0.0,0.0,0.0,0.0,0.0,0.0,0.3387673778533657,0.0040888396859692,0.5,0.1466075338698598,0.2473659378522987,0.4447463666035231,0.34250330451038885
tv095,87.62,34,0.0,0.0,0.2166172106824925,0.0189454462451495,0.0189454462451495,0.0,0.0,0.0276192650079888,0.0,0.0,0.5560165835999645,0.9999568740495752,0.0002063089982784,0.6324515594512827,0.5471578315247752,0.2357633640169953,0.3970656981860253
tv096,50.96,14,0.0,0.0463108320251177,0.0557299843014129,0.0027472527472527,0.0,0.0,0.0,0.0,0.0,0.0,0.6036760949161432,0.8558503601492433,0.5,0.5,0.6148816137663466,0.3581780538302277,0.4911504978771374
tv097,101.84,26,0.0,0.0363315003927728,0.0316182246661429,0.0,0.0,0.0534171249018067,0.0,0.0,0.0,0.1441476826394343,0.3350931808096259,0.0040888396859692,0.0610812445615927,0.5934403499041494,0.2484259037403343,0.7115135331683455,0.4716341411246357
tv098,159.0,38,0.0,0.0,0.0656603773584905,0.0,0.0328301886792452,0.0,0.0089308176100628,0.0,0.0,0.0,0.5118624152730179,0.9387261714334026,0.581204772372965,0.004521877866023,0.5090788092363521,0.2132505175983436,0.366489572666832
tv099,138.31,27,0.2242064926614127,0.0,0.1075121104764658,0.0179307353047501,0.0159062974477622,0.0,0.0,0.0,0.0,0.026317692140843,0.9999989492577062,0.9999568740495752,0.0013652851975152,0.0606513711223249,0.5154931199067804,0.0351966873706004,0.28399023942434165
tv100,251.84,45,0.0156448538754764,0.0,0.0591645489199492,0.0,0.0,0.0,0.0,0.0,0.0,0.0,0.9996320343701716,0.0040888396859692,0.0002063089982784,0.004521877866023,0.2521122652301105,0.1511387163561076,0.2034430146728411
tv101,117.74,50,0.0540173263122133,0.0,0.0540173263122133,0.0118906064209274,0.0,0.0,0.0,0.0,0.0,0.0,0.9999989492577062,0.2178145925712954,0.0002063089982784,0.004521877866023,0.3056354321733258,0.9461697722567288,0.614372984093526
tv102,70.55,21,0.0,0.0,0.2177179305457122,0.0,0.0,0.0,0.0,0.0,0.0,0.0,0.3387673778533657,0.0040888396859692,0.5,0.0088859368364555,0.2129355385939476,0.6470386112123664,0.4221732195960255
tv103,160.72,46,0.0,0.0,0.06172224987556,0.0,0.0,0.0,0.0,0.0,0.0,0.0,0.5118624152730179,0.0040888396859692,0.0002063089982784,0.004521877866023,0.1301698604558221,0.6712169387418419,0.3909545521896836
tv104,78.55,32,0.0397199236155314,0.0,0.0967536600891152,0.0409929980903883,0.0208784213876511,0.0,0.0,0.0,0.0,0.0,0.9996320343701716,0.9999568740495752,0.0002063089982784,0.004521877866023,0.501079273821012,0.3863756494314435,0.44579212686523995
tv105,165.24,37,0.1040910191236988,0.0,0.1624304042604696,0.008714596949891,0.0093197772936334,0.0,0.0,0.0252965383684337,0.1040910191236988,0.090958605664488,0.9999991201952848,0.9813753752651536,0.0002063089982784,0.9998612094034116,0.7453605034655322,0.1884057971014493,0.47690833499804425
tv106,156.88,34,0.0,0.0,0.1180520142784294,0.0058643549209587,0.0,0.0,0.0,0.0,0.0086690464048954,0.0,0.5560165835999645,0.2178145925712954,0.0002063089982784,0.0198752957811994,0.1984781952376844,0.567287784679089,0.3762444173484414
tv107,38.46,6,0.0,0.0,0.142485699427977,0.0,0.0,0.0,0.0,0.0,0.0,0.0,0.6076040908673526,0.5,0.5,0.5,0.5269010227168381,0.7619047619047619,0.6401728250054174
tv108,32.14,9,0.0,0.1966397013067828,0.0,0.0,0.0,0.0,0.0,0.0,0.0,0.1512134411947728,0.2715714922278129,0.5,0.5,0.9822077777448291,0.5634448174931606,0.7722387412487826,0.6640834887433704
tv109,218.4,61,0.0690476190476191,0.0063186813186813,0.1286630036630037,0.0221611721611721,0.0173076923076923,0.0,0.0,0.0,0.0,0.0,0.9999986467015364,0.9999568740495752,0.0002063089982784,0.004521877866023,0.5011709269038532,0.3084886128364389,0.4082980515233595
tv110,66.97,24,0.0,0.0,0.0615200836195311,0.0,0.0355383007316708,0.0,0.0,0.0,0.0,0.0,0.3002002702918852,0.9387261714334026,0.0013652851975152,0.0088859368364555,0.3122944159398146,0.7080745341614908,0.5030604329226624
tv111,25.190000000000005,6,0.0,0.0,0.1826121476776498,0.0,0.0,0.0,0.1992854307264787,0.445017864231838,0.0,0.0,0.6076040908673526,0.5,0.9996931558402028,0.9998374375847068,0.7767836710730656,0.5507246376811594,0.6678232169781668
tv112,205.93,41,0.0103918807361724,0.0417617637061137,0.1509250716262807,0.0173359879570726,0.0,0.0,0.0,0.0,0.0,0.0157335016753265,0.9993591079965964,0.991905351307254,0.0002063089982784,0.0606513711223249,0.5130305348561134,0.6557896726506488,0.5818404392730794
tv113,18.799999999999997,6,0.0,0.0,0.0,0.0,0.0,0.0,0.2,0.2531914893617021,0.0,0.0,0.2408966069164803,0.5,0.9996931558402028,0.9998374375847068,0.6851068000853475,0.670807453416149,0.6782145149907939
tv114,121.57,30,0.0304351402484165,0.0,0.2219297524060212,0.0,0.0,0.0,0.0,0.0,0.0,0.0246771407419593,0.9996918776150856,0.0040888396859692,0.0013652851975152,0.0606513711223249,0.2664493434052237,0.6145362120562021,0.4342272140949953
tv115,55.14,9,0.0,0.0,0.0,0.0,0.0464272760246644,0.0,0.0,0.0,0.0,0.0,0.2408966069164803,0.9943186938471684,0.5,0.5,0.5588038251909122,0.4765902899250426,0.519176901192763
tv116,248.04,70,0.0405579745202386,0.017739074342848,0.0622480245121754,0.0,0.0,0.0,0.0,0.0,0.0,0.0088695371714239,0.9994341142363796,0.0040888396859692,0.0002063089982784,0.0606513711223249,0.266095158510738,0.567414204563762,0.4113309387082956
tv117,123.46,45,0.0,0.0092337599222419,0.0458448080349911,0.0,0.1671796533290134,0.0,0.0,0.0,0.0500566985258383,0.0,0.4053692761530672,0.9387261714334026,0.0002063089982784,0.0558750453995533,0.3500442004960754,0.3871635610766046,0.36793573229589044
tv118,38.2,14,0.0,0.0,0.0,0.0052356020942407,0.0162303664921467,0.0,0.0,0.0,0.0,0.0,0.2408966069164803,0.9813753752651536,0.5,0.5,0.5555679955454085,0.94824016563147,0.7448359815268901
tv119,179.29,43,0.0380389313402867,0.0,0.0983880863405656,0.0,0.0,0.0,0.0,0.0,0.0,0.0,0.9996320343701716,0.0040888396859692,0.0002063089982784,0.004521877866023,0.2521122652301105,0.5576830182209936,0.3993973681717162
tv120,95.9753125,31,0.0,0.0412606106388036,0.0220890137763292,0.04167738448364,0.0364677114231849,0.0,0.0,0.0,0.0,0.0,0.3350931808096259,0.9999978130321572,0.0013652851975152,0.004521877866023,0.3352445392263303,0.3954451345755693,0.3642612261846635
tv121,22.54,11,0.0,0.0,0.0798580301685891,0.0,0.0,0.0,0.0,0.0,0.0,0.0,0.5645625089987539,0.5,0.5,0.5,0.5161406272496885,0.4513457556935818,0.48490949915964504
tv122,150.36,37,0.0,0.0,0.0905826017557861,0.0384410747539239,0.0243415802075019,0.0,0.0,0.0199521149241819,0.0,0.0,0.5118624152730179,0.9999978130321572,0.0002063089982784,0.6324515594512827,0.5361295241886841,0.5968262877837499,0.5653853642415059
tv123,49.580000000000005,13,0.0,0.0,0.0,0.0,0.0,0.0,0.0,0.0,0.0,0.0,0.2408966069164803,0.5,0.5,0.5,0.4352241517291201,0.4575569358178055,0.44598855365986645
tv124,122.6,30,0.0337683523654159,0.0,0.0533442088091353,0.0388254486133768,0.0238172920065253,0.0,0.0,0.0,0.0,0.0,0.9996320343701716,0.9999568740495752,0.0013652851975152,0.004521877866023,0.5013690178708212,0.5505927040795885,0.525094834623447
tv125,115.14,30,0.0,0.0,0.0541948931735278,0.0,0.0,0.0,0.0,0.048810144172312,0.0133750217126976,0.0,0.5118624152730179,0.0040888396859692,0.0013652851975152,0.999581737531118,0.3792245694219051,0.6145392671570269,0.49264625373023374
tv126,139.7443125,45,0.0,0.0,0.0812197634161318,0.007442163343857,0.0,0.0,0.0,0.0,0.0,0.0171742231012085,0.5118624152730179,0.2178145925712954,0.0002063089982784,0.0606513711223249,0.1976336719912292,0.712215320910973,0.44566202677054567
tv127,178.70000000000002,36,0.0,0.0027979854504756,0.1303861219921657,0.0,0.0139899272523783,0.0,0.0,0.0,0.0123111359820928,0.0668158925573587,0.4487828250298573,0.4372134742719198,0.0002063089982784,0.866954988529952,0.4382893992075019,0.2755196521523351,0.35983438112691146
tv128,355.76,73,0.0245109062289183,0.0,0.0978468630537441,0.0,0.0119743647402743,0.0,0.0,0.0090510456487519,0.0297953676635935,0.0381718012143017,0.9996320343701716,0.4372134742719198,0.0002063089982784,0.9968717705432172,0.6084808970458968,0.7213327720900073,0.6628755008171581
tv129,95.52,27,0.0789363484087102,0.0,0.0847989949748743,0.0,0.0,0.0439698492462311,0.0898241206030151,0.0,0.0,0.0,0.9999989492577062,0.0040888396859692,0.9999935496214726,0.004521877866023,0.5021508041077928,0.6620496685581748,0.579222056772877
tv130,97.22,20,0.0,0.0,0.086607693890146,0.0,0.0,0.0,0.0547212507714462,0.0,0.0,0.0,0.3002002702918852,0.0040888396859692,0.9996931558402028,0.1466075338698598,0.3626474499219793,0.9013290144728576,0.6222919640355027
tv131,114.15,37,0.0336399474375821,0.0,0.1448094612352168,0.0,0.0,0.0,0.0,0.0150678931230836,0.0,0.0306614104248795,0.9996918776150856,0.0040888396859692,0.0002063089982784,0.9607212199470636,0.4911770615615992,0.5838509316770186,0.5358458669572314
tv132,38.77,13,0.0,0.0,0.1372194996131029,0.0,0.0,0.0,0.0,0.0,0.0,0.0577766314160433,0.6076040908673526,0.5,0.5,0.9822077777448291,0.6474529671530455,0.5384536413039815,0.5949152920937966
tv133,58.239999999999995,13,0.0,0.0,0.1330700549450549,0.0,0.0,0.0,0.2192651098901098,0.3990384615384617,0.0,0.0,0.6076040908673526,0.5,0.9996931558402028,0.9998374375847068,0.7767836710730656,0.1200828157349896,0.460253858800113
tv134,21.21,5,0.0,0.0,0.5473833097595473,0.0,0.0,0.0,0.0,0.0,0.0,0.0,0.6076040908673526,0.5,0.5,0.5,0.5269010227168381,0.2815734989648033,0.4086531562683574
tv135,123.43,38,0.0,0.0,0.1813173458640524,0.0,0.0,0.0,0.0202543952037592,0.0,0.0162035161630073,0.024305274244511,0.5560165835999645,0.0040888396859692,0.581204772372965,0.2237490174384279,0.3412648032743317,0.3507692576460981,0.3458459502815231
tv136,49.900000000000006,13,0.0,0.0,0.3106212424849699,0.0076152304609218,0.0076152304609218,0.0,0.220440881763527,0.0,0.0,0.1066132264529058,0.6076040908673526,0.9813753752651536,0.9996931558402028,0.9822077777448291,0.8927200999293846,0.4083905718153969,0.6592732673784426
tv137,85.16999999999999,13,0.0,0.0,0.1242221439473993,0.0,0.0,0.0,0.0,0.0,0.0,0.0,0.6076040908673526,0.5,0.5,0.5,0.5269010227168381,0.4120082815734989,0.47152272148574864
tv138,245.52000000000004,39,0.0,0.0,0.0096122515477354,0.0,0.0,0.0,0.0,0.0,0.0,0.0,0.5118624152730179,0.0040888396859692,0.0002063089982784,0.004521877866023,0.1301698604558221,0.2360248447204969,0.18119196287139536
tv139,24.88,9,0.0,0.0,0.0,0.0,0.0,0.0,0.0,0.0,0.0,0.0,0.2408966069164803,0.5,0.5,0.5,0.4352241517291201,0.2454910077996218,0.34377277635510195
tv140,80.94999999999999,23,0.1124150710315009,0.0,0.1430512662137122,0.0,0.0,0.0,0.0252007411982704,0.0,0.0,0.0,0.9999978494011044,0.0040888396859692,0.901909577119142,0.0088859368364555,0.4787205507606678,0.732919254658385,0.6012443260393675
tv141,129.2,39,0.0,0.0188854489164086,0.0829721362229102,0.0,0.0088235294117646,0.0207430340557275,0.0,0.0,0.0,0.0278637770897833,0.4053692761530672,0.4372134742719198,0.0057480567193133,0.0606513711223249,0.2272455445666563,0.5922552906599211,0.4031802421836099
tv142,103.6,24,0.0,0.0,0.0,0.0,0.0,0.0,0.0,0.0,0.0210424710424709,0.0,0.0950209501216211,0.0040888396859692,0.0013652851975152,0.0198752957811994,0.0300875926965763,0.0331262939958591,0.03155224672283061
tv143,59.69,19,0.0,0.0,0.2069023286982743,0.0,0.0,0.0,0.1517842184620539,0.0,0.0,0.0,0.3387673778533657,0.0040888396859692,0.9996931558402028,0.1466075338698598,0.3722892268123494,0.6790890269151139,0.5201667304618818
tv144,31.48,12,0.0,0.0,0.0571791613722997,0.0,0.0,0.0,0.0,0.0,0.0,0.0,0.5645625089987539,0.5,0.5,0.5,0.5161406272496885,0.6832298136645963,0.596677615101674
tv145,104.84,20,0.0,0.0,0.076879053796261,0.0,0.0,0.0,0.0,0.0,0.0,0.0789774895078214,0.3002002702918852,0.0040888396859692,0.5,0.9822077777448291,0.4466242219306708,0.2395611354164383,0.34681981423081076
tv146,391.92050000000006,100,0.0356960148805688,0.0036742145409591,0.0879004798166975,0.0037762760559858,0.0,0.0,0.0340885460188992,0.0333741154137126,0.0058175063565188,0.0,0.9994341142363796,0.2178145925712954,0.581204772372965,0.999581737531118,0.6995088041779395,0.1942269690571217,0.45596295964970535
tv147,8.0,2,0.0,0.0,0.5,0.0,0.0,0.0,0.0,0.0,0.0,0.0,0.6076040908673526,0.5,0.5,0.5,0.5269010227168381,0.4472049689440993,0.48848752479837804
tv148,43.94,12,0.0,0.0518889394629039,0.0,0.0159308147473827,0.0,0.0,0.0473372781065088,0.0,0.0,0.0,0.2715714922278129,0.8558503601492433,0.9996931558402028,0.5,0.6567787520543148,0.5147462029732321,0.588319063397233
tv149,58.796125,13,0.0,0.0,0.0,0.0,0.0,0.0,0.0,0.0,0.1326618038178537,0.0,0.2408966069164803,0.5,0.5,0.8684381255758293,0.5273336831230775,0.1532091097308488,0.34700563874802326
tv150,20.7113125,9,0.0,0.0,0.0,0.1424976084929431,0.0,0.0,0.0,0.0,0.0,0.0,0.2408966069164803,0.9996173915459168,0.5,0.5,0.5601284996155993,0.6190476190476191,0.5885275151818328
tv151,74.39,18,0.0,0.0,0.0564592015055786,0.0,0.0,0.0,0.0922166957924452,0.030918134157817,0.0,0.1266299233767979,0.3002002702918852,0.0040888396859692,0.9996931558402028,0.9990845568115172,0.5757667056573936,0.5652173913043478,0.5706819361392255
tv152,14.28,3,0.0,0.0,0.0,0.0,0.0,0.0,0.0,0.2394957983193277,0.0,0.0,0.2408966069164803,0.5,0.5,0.9998374375847068,0.5601835111252969,0.3643892339544514,0.46581066952894934
tv153,54.22,17,0.0,0.0,0.0918480265584655,0.0055330136481002,0.0,0.0,0.0,0.0,0.0,0.0,0.3002002702918852,0.2178145925712954,0.5,0.1466075338698598,0.2911555991832601,0.4727838572162614,0.37870041955516676
tv154,61.19,19,0.0179767935937244,0.0,0.0281091681647327,0.0,0.0277823173721196,0.0853080568720379,0.110148717110639,0.0,0.0,0.0,0.9991010196953534,0.9387261714334026,0.9999935496214726,0.1466075338698598,0.7711070686550221,0.5258799171842651,0.6529075816461172
tv155,198.77,49,0.0738542033506064,0.0,0.1339739397293355,0.0186144790461338,0.0169039593500025,0.0,0.0,0.0,0.0,0.0293806912511948,0.9999991201952848,0.9999568740495752,0.0002063089982784,0.0606513711223249,0.5152034185913658,0.4306418219461698,0.4744447290083813
tv156,202.35,68,0.0,0.0,0.0938967136150234,0.0098838645910551,0.0,0.0,0.014726958240672,0.009686187299234,0.0,0.1277983691623424,0.5118624152730179,0.2178145925712954,0.581204772372965,0.9981947518486948,0.5772691330164933,0.4784068919548891,0.5296175328248001
tv157,21.42,5,0.0,0.0,0.0,0.0,0.2110177404295052,0.0,0.0,0.0,0.0,0.0,0.2408966069164803,0.9943186938471684,0.5,0.5,0.5588038251909122,0.3933747412008281,0.47906700670769164
tv158,66.76000000000002,12,0.0,0.0,0.158178550029958,0.0,0.0,0.0473337327741163,0.0,0.0557219892150989,0.0,0.0,0.6076040908673526,0.5,0.9794171938702656,0.9998374375847068,0.7717146805805812,0.6789622346286377,0.7270080016317444
tv159,64.23,16,0.0,0.0,0.0,0.0143235248326327,0.0,0.0,0.0,0.0,0.0,0.0,0.0950209501216211,0.2178145925712954,0.5,0.5,0.3282088856732291,0.2463768115942028,0.2887658259671384
tv160,134.63,46,0.0,0.0,0.0626903364777538,0.0357275495803312,0.0,0.0,0.0,0.0451608111119365,0.0273341751466983,0.0560053479907895,0.5118624152730179,0.991905351307254,0.0002063089982784,0.9999995538215888,0.6259934073500348,0.3621049870775638,0.4987991887787038
tv161,211.51,56,0.025719824121791,0.0,0.1116732069405702,0.0220320552219752,0.0041605597844073,0.0,0.0,0.0,0.0,0.060422675050825,0.9996320343701716,0.9999568740495752,0.0002063089982784,0.5934403499041494,0.6483088918305436,0.3395445134575569,0.499484461454764
