meeting_id,tot,n,dm_enum,dm_closing,dm_conn,li_aizuchi,li_understand,conf_request,conf_report,su_proposal,su_hedged,su_risk,info,listen,conf,speakup,y_weak
tv001,837.2400000000001,177,0.049687067029764484,0.0,0.21333190005255334,0.0,0.006019779274759923,0.0,0.0,0.036094787635564604,0.0,0.030887200802637318,0.9996918776150855,0.43721347427191987,0.00020630899827846105,0.9998686010298704,0.6092450654787885
tv002,229.75,54,0.0,0.0,0.14803046789989122,0.0726441784548423,0.07664853101196956,0.0,0.0,0.0,0.03603917301414582,0.0,0.5560165835999645,0.9999978130321572,0.00020630899827846105,0.055875045399553395,0.40302393775748835
tv003,139.81,36,0.0,0.0,0.13511193762964013,0.05235676990200997,0.041484872326729164,0.0,0.0,0.03147128245476002,0.09727487304198551,0.0,0.5560165835999645,0.9999978130321572,0.00020630899827846105,0.9572994167622595,0.6283800305981648
tv004,86.18,27,0.025063819911812484,0.06289162218612208,0.14017173358087726,0.0058018101647714084,0.017869575307496013,0.0,0.11464376885588297,0.0,0.0,0.0,0.9993591079965963,0.9813753752651537,0.9996931558402029,0.004521877866023084,0.7462373792419941
tv005,58.400000000000006,14,0.0,0.0,0.16712328767123286,0.0,0.014726027397260262,0.0,0.0,0.0,0.0,0.0,0.6076040908673526,0.8987331268192651,0.5,0.5,0.6265843044216544
tv006,176.12,43,0.030433795139677488,0.0,0.14876220758573702,0.0007949125596184448,0.005677946854417443,0.0,0.05666590960708602,0.018737224619577546,0.04417442652736771,0.12468771292300702,0.9996918776150855,0.9813753752651537,0.997970552534601,0.9998612094034117,0.994724753704563
tv007,59.49,22,0.0,0.0,0.018490502605479936,0.0,0.0,0.0,0.0,0.0,0.0,0.012439065389140946,0.3002002702918852,0.004088839685969286,0.5,0.1130349623012105,0.22933101806976622
tv008,22.76,6,0.0,0.0,0.0,0.0,0.0,0.0,0.0,0.0,0.0,0.0,0.24089660691648035,0.5,0.5,0.5,0.4352241517291201
tv009,29.000000000000004,5,0.0,0.0,0.0,0.0,0.0,0.0,0.0,0.0,0.0,0.0,0.24089660691648035,0.5,0.5,0.5,0.4352241517291201
tv010,36.05,7,0.0,0.0,0.0,0.0,0.0,0.0,0.0,0.0,0.0,0.0,0.24089660691648035,0.5,0.5,0.5,0.4352241517291201
tv011,88.3,23,0.0,0.0,0.25934314835787087,0.02570781426953563,0.14552661381653448,0.0,0.0,0.10713476783691953,0.0,0.028086070215175545,0.3387673778533657,0.9999978130321572,0.5,0.9999334224758848,0.709674653340352
tv012,31.080000000000002,2,0.0,0.0,0.0,0.0,0.0,0.0,0.0,0.0,0.0,0.0,0.24089660691648035,0.5,0.5,0.5,0.4352241517291201
tv013,36.559999999999995,14,0.0,0.0,0.062363238512035,0.09682713347921225,0.0,0.0,0.0,0.0,0.0,0.0,0.5645625089987539,0.9996173915459167,0.5,0.5,0.6410449751361676
tv014,78.95,16,0.0962634578847372,0.0,0.20835972134262185,0.0,0.03141228625712481,0.0,0.042305256491450234,0.0,0.0,0.0,0.9999978494011043,0.9387261714334026,0.9019095771191421,0.5,0.8351583994884122
tv015,19.72,1,0.0,0.0,0.0,0.0,0.0,0.0,0.0,0.0,0.0,0.0,0.24089660691648035,0.5,0.5,0.5,0.4352241517291201
tv016,18.9866875,3,0.0,0.0,0.47963540243657554,0.0,0.0,0.0,0.0,0.0,0.0,0.0,0.6076040908673526,0.5,0.5,0.5,0.5269010227168381
tv017,10.48,2,0.5229007633587787,0.0,0.0,0.0,0.0,0.0,0.0,0.0,0.0,0.0,0.9999895064541829,0.5,0.5,0.5,0.6249973766135457
tv018,245.12,50,0.057645234986945175,0.0,0.19243635770234996,0.011994125326370748,0.025293733681462153,0.0,0.011749347258485737,0.00856723237597909,0.0150946475195822,0.0464262402088775,0.9999991201952847,0.9990385635898675,0.581204772372965,0.9995950507793946,0.894959376734378
tv019,340.96,82,0.056722196152041264,0.0,0.13115908024401676,0.02956358517128096,0.028390427029563525,0.0,0.0,0.010206475832942168,0.0,0.0442867198498357,0.9999991201952847,0.9999978130321572,0.00020630899827846105,0.9981947518486949,0.7495994985186039
tv020,996.77,198,0.054766897077560495,0.0007022683266952712,0.10562115633496173,0.004093221104166442,0.014928218144607019,0.004474452481515303,0.03148168584528028,0.005557952185559435,0.0,0.0,0.9999983837688339,0.9813753752651537,0.9749257880503758,0.6324515594512827,0.8971877766339116
tv021,469.59000000000003,79,0.0,0.0008518068953767695,0.05609148406056341,0.0,0.0,0.0,0.0,0.053855490960199315,0.0,0.008518068953768181,0.4053692761530672,0.004088839685969286,0.00020630899827846105,0.9998686010298704,0.35238325646679636
tv022,59.21,9,0.0,0.15352136463435237,0.10099645330180713,0.0,0.0,0.0,0.0,0.0,0.0,0.0,0.6036760949161432,0.5,0.5,0.5,0.5259190237290358
tv023,397.8451250000001,102,0.05142704714554441,0.0,0.08732041142894491,0.0,0.009601726299901265,0.0,0.03277657354730696,0.008420362069285038,0.0,0.020862389604497395,0.9996320343701716,0.43721347427191987,0.581204772372965,0.9607212199470636,0.74469287524053
tv024,62.02,15,0.0,0.0,0.0,0.016123831022250887,0.1483392454047081,0.0,0.0,0.0,0.0,0.0,0.24089660691648035,0.9999978130321572,0.5,0.5,0.5602236049871594
tv025,103.33000000000001,31,0.0,0.0,0.15232749443530433,0.01838768992548145,0.01064550469369974,0.0,0.03309784186586662,0.0,0.0,0.02361366495693407,0.5560165835999645,0.9999568740495751,0.9019095771191421,0.060651371122324965,0.6296336014727517
tv026,22.96,5,0.0,0.17944250871080142,0.26393728222996515,0.0,0.0,0.0,0.0,0.0,0.0,0.0,0.6452806238500515,0.5,0.5,0.5,0.5363201559625128
tv027,15.020000000000001,6,0.0,0.0,0.07856191744340875,0.0,0.0,0.0,0.0,0.0,0.0,0.1624500665778961,0.5645625089987539,0.5,0.5,0.9822077777448291,0.6366925716858958
tv028,101.86,7,0.0,0.0,0.0,0.0,0.0,0.0,0.0,0.0,0.0,0.0,0.24089660691648035,0.5,0.5,0.5,0.4352241517291201
tv029,141.23000000000002,39,0.07477164908305592,0.0,0.11045811796360545,0.03200453161509601,0.13644409827940235,0.0,0.02336614033845498,0.0,0.0,0.10493521206542507,0.9999989492577062,0.9999978130321572,0.581204772372965,0.5934403499041494,0.7936604711417444
tv030,188.93,59,0.026358968930291642,0.0,0.1162335256444185,0.009421478854602183,0.007621870534060372,0.0,0.0,0.0,0.0,0.0,0.9996918776150855,0.9813753752651537,0.00020630899827846105,0.004521877866023084,0.4964488599361352
tv031,62.48,8,0.0,0.0,0.28841229193341866,0.0,0.0,0.0,0.0,0.0,0.0,0.0,0.6076040908673526,0.5,0.5,0.5,0.5269010227168381
tv032,31.979999999999997,8,0.0,0.0,0.2964352720450282,0.0,0.0,0.0,0.0,0.0,0.0,0.0,0.6076040908673526,0.5,0.5,0.5,0.5269010227168381
tv033,89.34,12,0.0,0.0,0.16789791806581594,0.0,0.0,0.0,0.0,0.0,0.0,0.0,0.6076040908673526,0.5,0.5,0.5,0.5269010227168381
tv034,136.448,24,0.0,0.0,0.0,0.0,0.0,0.0,0.0,0.0,0.0,0.0,0.09502095012162115,0.004088839685969286,0.001365285197515286,0.00888593683645558,0.02734025296039033
tv035,155.87,70,0.017835375633540686,0.016552255084365166,0.10341951626355313,0.00911015589914669,0.0,0.028485276191698217,0.042599602232629756,0.013472765766343712,0.018605247963046117,0.0,0.9994341142363797,0.21781459257129543,0.9749257880503758,0.8848153027210299,0.7692474493947703
tv036,134.19,41,0.0,0.0,0.09896415530218343,0.004024144869215232,0.004024144869215232,0.0,0.0,0.0,0.037409643043445885,0.0,0.5118624152730179,0.9813753752651537,0.00020630899827846105,0.055875045399553395,0.38732978623400083
tv037,14.68,3,0.0,0.0,0.3365122615803815,0.0,0.0,0.0,0.0,0.0,0.0,0.0,0.6076040908673526,0.5,0.5,0.5,0.5269010227168381
tv038,45.39,10,0.0,0.0,0.0,0.03613130645516635,0.0,0.0,0.0,0.0,0.0,0.0,0.24089660691648035,0.9996173915459167,0.5,0.5,0.5601284996155993
tv039,38.440000000000005,12,0.0,0.0,0.0,0.0,0.0,0.05098855359001042,0.04474505723205001,0.05098855359001042,0.0,0.0,0.24089660691648035,0.5,0.997719610795192,0.9998374375847068,0.6846134138240948
tv040,42.92,13,0.0,0.0,0.3164026095060578,0.05731593662628145,0.0,0.0,0.0,0.0,0.0,0.0,0.6076040908673526,0.9996173915459167,0.5,0.5,0.6518053706033173
tv041,47.28,21,0.08671742808798642,0.0,0.09052453468697126,0.0,0.0,0.0,0.0,0.0,0.0,0.0,0.9999974315610957,0.004088839685969286,0.5,0.00888593683645558,0.3782430520208801
tv042,166.82999999999998,68,0.0,0.0,0.19492896960978248,0.005035065635677143,0.005035065635677143,0.0,0.0,0.009830366241083657,0.0,0.0,0.5560165835999645,0.9813753752651537,0.00020630899827846105,0.6324515594512827,0.5425124568286699
tv043,51.54,17,0.0,0.0,0.05898331393092742,0.0,0.1587116802483508,0.0,0.0,0.0,0.0,0.0,0.3002002702918852,0.9387261714334026,0.5,0.14660753386985984,0.4713834938987869
tv044,42.36,13,0.0,0.0,0.12511803588290843,0.02549575070821526,0.0,0.0,0.0,0.06846081208687438,0.0,0.0,0.6076040908673526,0.9996173915459167,0.5,0.9998374375847068,0.776764729999494
tv045,9.540000000000001,3,0.0,0.0,0.2641509433962264,0.0,0.6582809224318658,0.0,0.0,0.0,0.0,0.0,0.6076040908673526,0.9943186938471683,0.5,0.5,0.6504806961786302
tv046,16.46,3,0.0,0.0,0.0,0.0,0.7059538274605104,0.0,0.0,0.0,0.0,0.0,0.24089660691648035,0.9943186938471683,0.5,0.5,0.5588038251909122
tv047,8.42,1,0.0,0.0,0.0,0.0,0.0,0.0,0.0,1.0,0.0,1.0,0.24089660691648035,0.5,0.5,0.999997054789799,0.5602234154265698
tv048,44.7,14,0.0,0.0,0.07919463087248328,0.019239373601789695,0.06666666666666675,0.0,0.0,0.0,0.0,0.0,0.5645625089987539,0.9999978130321572,0.5,0.5,0.6411400805077277
tv049,43.0,13,0.0,0.0,0.2790697674418603,0.016744186046511764,0.0,0.0,0.10232558139534881,0.0,0.0,0.0,0.6076040908673526,0.9996173915459167,0.9996931558402029,0.5,0.776728659563368
tv050,141.24,28,0.010478617955253459,0.0,0.03540073633531577,0.002548853016142731,0.0,0.0,0.05041064854148967,0.0,0.011469838572642293,0.041064854148966275,0.9996320343701716,0.21781459257129543,0.9996931558402029,0.22374901743842796,0.6102222000550245
tv051,41.300000000000004,9,0.0,0.0,0.0,0.0,0.06392251815980632,0.0,0.15641646489104113,0.0,0.0,0.0,0.24089660691648035,0.9943186938471683,0.9996931558402029,0.5,0.6837271141509629
tv052,57.18,17,0.12766701643931447,0.0,0.10842952081147253,0.0,0.0,0.0,0.0,0.1133263378803777,0.0,0.0,0.9999974315610957,0.004088839685969286,0.5,0.9990544762652799,0.6257851868780862
tv053,43.6,12,0.16880733944954135,0.0,0.41330275229357805,0.0,0.0,0.0,0.09541284403669734,0.0,0.09311926605504586,0.0,0.9999978494011043,0.5,0.9996931558402029,0.8684381255758293,0.8420322827042841
tv054,85.14,21,0.0,0.0,0.16549213060840973,0.0,0.0,0.0,0.04580690627202255,0.0,0.0,0.0,0.3387673778533657,0.004088839685969286,0.9996931558402029,0.00888593683645558,0.3378588275539984
tv055,7.44,2,0.0,0.0,0.0,0.0,0.0,0.0,0.0,0.0,0.0,0.15053763440860216,0.24089660691648035,0.5,0.5,0.9822077777448291,0.5557760961653274
tv056,278.01,73,0.030286680335239836,0.0,0.06352289485989718,0.009568001151037618,0.027768785295492964,0.018704363152404587,0.016402287687493265,0.010719038883493466,0.0,0.0711485198374159,0.9996320343701716,0.9990385635898675,0.9749257880503758,0.9981947518486949,0.9929477844647774
tv057,35.78,6,0.0,0.0,0.0,0.0,0.0,0.0,0.0,0.4041363890441588,0.0,0.05701509223029623,0.24089660691648035,0.5,0.5,0.999997054789799,0.5602234154265698
tv058,295.55,43,0.0,0.0,0.09399424801218059,0.06469294535611574,0.07538487565555739,0.0,0.018744713246489592,0.0,0.0,0.0,0.5118624152730179,0.9999978130321572,0.581204772372965,0.004521877866023084,0.5243967196360408
tv059,64.27,12,0.0,0.0718842383693792,0.0,0.0,0.0,0.0,0.0,0.0,0.04481095378870384,0.0,0.27157149222781296,0.5,0.5,0.8684381255758293,0.5350024044509105
tv060,302.67,83,0.01678395612383123,0.0,0.08619949119503076,0.022037202233455677,0.014999834803581477,0.03858988337132852,0.0,0.012026299269831878,0.0,0.09865530115307095,0.9996320343701716,0.9999568740495751,0.005748056719313311,0.9981947518486949,0.7508829292469388
tv061,34.739999999999995,15,0.0,0.0,0.17271157167530227,0.0,0.0,0.0,0.0,0.0,0.0,0.0,0.6076040908673526,0.004088839685969286,0.5,0.5,0.40292323263833046
tv062,11.34,4,0.0,0.0,0.0,0.0,0.0,0.0,0.0,0.0,0.0,0.0,0.24089660691648035,0.5,0.5,0.5,0.4352241517291201
tv063,31.32,15,0.06194125159642405,0.0,0.09770114942528743,0.0,0.0,0.0,0.0,0.0,0.0,0.0,0.9999974315610957,0.004088839685969286,0.5,0.5,0.5010215678117662
tv064,112.56,21,0.0,0.0,0.11753731343283581,0.0,0.0,0.0,0.03571428571428571,0.0,0.0,0.0,0.3387673778533657,0.004088839685969286,0.9019095771191421,0.00888593683645558,0.3134129328737332
tv065,114.08,31,0.04049789621318373,0.0,0.10255960729312759,0.0,0.0,0.0,0.0,0.0,0.0,0.012272089761570815,0.9996320343701716,0.004088839685969286,0.001365285197515286,0.060651371122324965,0.2664343825939952
tv066,244.24,72,0.0545365214543072,0.009580740255486405,0.11030134294136913,0.005404520144120536,0.0,0.0,0.0,0.0,0.0,0.0,0.9999983837688339,0.21781459257129543,0.00020630899827846105,0.004521877866023084,0.3056352908011077
tv067,61.889999999999986,17,0.0,0.0,0.18371303926320898,0.010664081434803688,0.0,0.0,0.0,0.0,0.0,0.11520439489416708,0.3387673778533657,0.21781459257129543,0.5,0.9822077777448291,0.5096974370423726
tv068,423.45,116,0.05932223402999171,0.02075805880269215,0.11944739638682235,0.00465226118786161,0.00465226118786161,0.007982052190341251,0.023237690400283378,0.01520840713189278,0.0,0.03462038021017839,0.9999986467015365,0.9813753752651537,0.9749257880503758,0.9607212199470636,0.9792552574910324
tv069,49.16,9,0.0,0.18714401952807153,0.25467860048820173,0.0,0.272579332790887,0.0,0.272579332790887,0.0,0.11838893409275836,0.0,0.6452806238500515,0.9943186938471683,0.9996931558402029,0.8684381255758293,0.876932649778313
tv070,54.24,21,0.0,0.0,0.14380530973451336,0.01843657817109138,0.030604719764011735,0.0,0.0,0.03281710914454279,0.1238938053097345,0.0,0.3387673778533657,0.9999978130321572,0.5,0.999856645221655,0.7096554590267945
tv071,113.68,42,0.08779028852920481,0.0,0.09940182969739626,0.03817733990147786,0.03817733990147786,0.0,0.010028149190710772,0.024454609429978895,0.0,0.058761435608726244,0.9999989492577062,0.9999978130321572,0.581204772372965,0.9981947518486949,0.8948490716278807
tv072,218.68600000000004,52,0.004572766432236174,0.0,0.04069762124690197,0.09657682704882799,0.0,0.0,0.0,0.0,0.0,0.021583457560154735,0.9996320343701716,0.9919053513072539,0.00020630899827846105,0.060651371122324965,0.5130987664495072
tv073,50.26,21,0.0,0.0,0.035813768404297744,0.0,0.0,0.0,0.0,0.0,0.0,0.0,0.3002002702918852,0.004088839685969286,0.5,0.00888593683645558,0.2032937617035775
tv074,55.0,10,0.0,0.0,0.0,0.0,0.0,0.0,0.0,0.0,0.0,0.0,0.24089660691648035,0.5,0.5,0.5,0.4352241517291201
tv075,274.84,79,0.06774850822296606,0.0,0.11068257895502848,0.004948333575898548,0.03478387425411144,0.0,0.0,0.0,0.01753747634987628,0.03762188909911222,0.9999989492577062,0.9990385635898675,0.00020630899827846105,0.22374901743842796,0.55574820982107
tv076,166.48,51,0.07099951946179722,0.007808745795290709,0.13995675156174917,0.0,0.012253724171071553,0.0,0.0,0.04228736184526665,0.0,0.03676117251321483,0.9999986467015365,0.43721347427191987,0.00020630899827846105,0.9998686010298704,0.6093217577504013
tv077,38.28,18,0.07366771159874608,0.05276907001044926,0.0,0.0,0.09195402298850573,0.0,0.0,0.0,0.0,0.0,0.9999910678615359,0.9387261714334026,0.5,0.14660753386985984,0.6463311932911996
tv078,28.379999999999995,12,0.0,0.0,0.37914023960535587,0.007751937984496083,0.076109936575053,0.0,0.23749119097956312,0.23749119097956312,0.0,0.1945031712473573,0.6076040908673526,0.9990385635898675,0.9996931558402029,0.999997054789799,0.9015832162718055
tv079,79.24,17,0.0,0.0,0.08808682483594141,0.0,0.011105502271579953,0.0,0.07294295810196859,0.0194346289752651,0.0,0.0,0.3002002702918852,0.43721347427191987,0.9996931558402029,0.7725356374263865,0.6274106344575987
tv080,49.9,11,0.0,0.0,0.1787575150300601,0.0,0.10541082164328654,0.0,0.0,0.1118236472945893,0.0,0.0,0.6076040908673526,0.9943186938471683,0.5,0.9998374375847068,0.7754400555748069
tv081,510.57218750000004,95,0.0,0.0,0.08823434002660005,0.00654168025946375,0.0,0.0,0.004583093355432728,0.010067136686719713,0.004465578141191026,0.01331839094741135,0.5118624152730179,0.21781459257129543,0.581204772372965,0.9909248011640487,0.5754516453453318
tv082,180.44,56,0.011527377521613823,0.0,0.10352471735757036,0.05370206162713374,0.011638217690090857,0.0,0.0,0.0,0.0,0.0,0.9996320343701716,0.9999568740495751,0.00020630899827846105,0.004521877866023084,0.501079273821012
tv083,71.36,26,0.0,0.038116591928251106,0.10650224215246629,0.0,0.0,0.0,0.0,0.0,0.0,0.021580717488789238,0.3350931808096259,0.004088839685969286,0.001365285197515286,0.060651371122324965,0.10029966920385885
tv084,151.52,23,0.06850580781415001,0.0,0.2659714889123547,0.0,0.0,0.0,0.07761351636747622,0.0,0.0,0.0,0.9999978494011043,0.004088839685969286,0.9996931558402029,0.00888593683645558,0.503166445440933
tv085,34.980000000000004,3,0.0,0.0,0.0,0.0,0.0,0.0,0.0,0.0,0.0,0.0,0.24089660691648035,0.5,0.5,0.5,0.4352241517291201
tv086,21.26,5,0.0,0.0,0.2831608654750706,0.0,0.0,0.0,0.0,0.0,0.0,0.19002822201317027,0.6076040908673526,0.5,0.5,0.9822077777448291,0.6474529671530455
tv087,102.72,18,0.0,0.0,0.05023364485981305,0.0,0.0,0.0,0.0,0.0,0.0,0.0,0.3002002702918852,0.004088839685969286,0.5,0.14660753386985984,0.23772416096192855
tv088,197.7,54,0.018614061709661137,0.0,0.17531613555892767,0.0,0.01294891249367729,0.0,0.0,0.0,0.0,0.03702579666160846,0.9996918776150855,0.43721347427191987,0.00020630899827846105,0.060651371122324965,0.3744407580019022
tv089,652.05,202,0.05198987807683472,0.006333870101986038,0.1521202361782077,0.0033126293995858727,0.00736139866574651,0.0,0.0030365769496203685,0.016195077064642373,0.003281956905145313,0.03324898397362174,0.9999986467015365,0.9813753752651537,0.581204772372965,0.9909248011640487,0.8883758988759259
tv090,85.43,27,0.0,0.0,0.3104295914784034,0.007257403722345832,0.0,0.0,0.0,0.034180030434273694,0.0,0.0,0.5560165835999645,0.21781459257129543,0.001365285197515286,0.9981354877673811,0.44333298728403914
tv091,105.7,33,0.04730368968779565,0.0,0.15080416272469263,0.004730368968779565,0.004730368968779565,0.0,0.0,0.0,0.0,0.02062440870387883,0.9996918776150855,0.9813753752651537,0.00020630899827846105,0.060651371122324965,0.5104812332502107
tv092,85.9603125,22,0.0,0.0,0.08166559422407865,0.010702613488055897,0.024662544124650517,0.0,0.0411817953779542,0.08399224933017779,0.01140061001988563,0.1663558400860862,0.3002002702918852,0.9990385635898675,0.9019095771191421,0.9999986978400666,0.8002867772102402
tv093,16.98,1,0.0,0.0,0.0,0.0,0.0,0.0,0.0,0.0,0.0,0.0,0.24089660691648035,0.5,0.5,0.5,0.4352241517291201
tv094,55.04,18,0.0,0.0,0.16097383720930228,0.0,0.0,0.0,0.0,0.0,0.0,0.0,0.3387673778533657,0.004088839685969286,0.5,0.14660753386985984,0.2473659378522987
tv095,87.62,34,0.0,0.0,0.21661721068249257,0.018945446245149513,0.018945446245149513,0.0,0.0,0.027619265007988898,0.0,0.0,0.5560165835999645,0.9999568740495751,0.00020630899827846105,0.6324515594512827,0.5471578315247752
tv096,50.96,14,0.0,0.04631083202511772,0.05572998430141294,0.0027472527472527574,0.0,0.0,0.0,0.0,0.0,0.0,0.6036760949161432,0.8558503601492433,0.5,0.5,0.6148816137663466
tv097,101.84,26,0.0,0.036331500392772866,0.03161822466614296,0.0,0.0,0.05341712490180676,0.0,0.0,0.0,0.14414768263943434,0.3350931808096259,0.004088839685969286,0.061081244561592765,0.5934403499041494,0.24842590374033435
tv098,159.0,38,0.0,0.0,0.06566037735849053,0.0,0.03283018867924529,0.0,0.008930817610062858,0.0,0.0,0.0,0.5118624152730179,0.9387261714334026,0.581204772372965,0.004521877866023084,0.5090788092363521
tv099,138.31,27,0.2242064926614127,0.0,0.10751211047646582,0.017930735304750176,0.015906297447762244,0.0,0.0,0.0,0.0,0.026317692140843042,0.9999989492577062,0.9999568740495751,0.001365285197515286,0.060651371122324965,0.5154931199067804
tv100,251.84,45,0.015644853875476483,0.0,0.0591645489199492,0.0,0.0,0.0,0.0,0.0,0.0,0.0,0.9996320343701716,0.004088839685969286,0.00020630899827846105,0.004521877866023084,0.25211226523011054
tv101,117.74,50,0.05401732631221335,0.0,0.05401732631221335,0.011890606420927485,0.0,0.0,0.0,0.0,0.0,0.0,0.9999989492577062,0.21781459257129543,0.00020630899827846105,0.004521877866023084,0.3056354321733258
tv102,70.55,21,0.0,0.0,0.2177179305457122,0.0,0.0,0.0,0.0,0.0,0.0,0.0,0.3387673778533657,0.004088839685969286,0.5,0.00888593683645558,0.21293553859394765
tv103,160.72,46,0.0,0.0,0.06172224987556008,0.0,0.0,0.0,0.0,0.0,0.0,0.0,0.5118624152730179,0.004088839685969286,0.00020630899827846105,0.004521877866023084,0.13016986045582218
tv104,78.55,32,0.03971992361553148,0.0,0.09675366008911523,0.0409929980903883,0.020878421387651187,0.0,0.0,0.0,0.0,0.0,0.9996320343701716,0.9999568740495751,0.00020630899827846105,0.004521877866023084,0.501079273821012
tv105,165.24,37,0.10409101912369885,0.0,0.16243040426046962,0.008714596949891096,0.009319777293633497,0.0,0.0,0.02529653836843379,0.10409101912369885,0.09095860566448802,0.9999991201952847,0.9813753752651537,0.00020630899827846105,0.9998612094034117,0.7453605034655322
tv106,156.88,34,0.0,0.0,0.11805201427842947,0.005864354920958705,0.0,0.0,0.0,0.0,0.008669046404895459,0.0,0.5560165835999645,0.21781459257129543,0.00020630899827846105,0.019875295781199474,0.19847819523768448
tv107,38.46,6,0.0,0.0,0.14248569942797704,0.0,0.0,0.0,0.0,0.0,0.0,0.0,0.6076040908673526,0.5,0.5,0.5,0.5269010227168381
tv108,32.14,9,0.0,0.19663970130678282,0.0,0.0,0.0,0.0,0.0,0.0,0.0,0.15121344119477287,0.27157149222781296,0.5,0.5,0.9822077777448291,0.5634448174931606
tv109,218.4,61,0.06904761904761911,0.00631868131868133,0.1286630036630037,0.022161172161172176,0.017307692307692312,0.0,0.0,0.0,0.0,0.0,0.9999986467015365,0.9999568740495751,0.00020630899827846105,0.004521877866023084,0.5011709269038532
tv110,66.97,24,0.0,0.0,0.061520083619531124,0.0,0.03553830073167083,0.0,0.0,0.0,0.0,0.0,0.3002002702918852,0.9387261714334026,0.001365285197515286,0.00888593683645558,0.31229441593981466
tv111,25.190000000000005,6,0.0,0.0,0.1826121476776498,0.0,0.0,0.0,0.1992854307264787,0.445017864231838,0.0,0.0,0.6076040908673526,0.5,0.9996931558402029,0.9998374375847068,0.7767836710730656
tv112,205.92999999999998,41,0.01039188073617242,0.04176176370611374,0.1509250716262807,0.017335987957072623,0.0,0.0,0.0,0.0,0.0,0.015733501675326545,0.9993591079965963,0.9919053513072539,0.00020630899827846105,0.060651371122324965,0.5130305348561134
tv113,18.799999999999997,6,0.0,0.0,0.0,0.0,0.0,0.0,0.2,0.25319148936170216,0.0,0.0,0.24089660691648035,0.5,0.9996931558402029,0.9998374375847068,0.6851068000853475
tv114,121.57,30,0.030435140248416575,0.0,0.22192975240602128,0.0,0.0,0.0,0.0,0.0,0.0,0.024677140741959366,0.9996918776150855,0.004088839685969286,0.001365285197515286,0.060651371122324965,0.2664493434052237
tv115,55.14,9,0.0,0.0,0.0,0.0,0.0464272760246644,0.0,0.0,0.0,0.0,0.0,0.24089660691648035,0.9943186938471683,0.5,0.5,0.5588038251909122
tv116,248.04,70,0.04055797452023868,0.017739074342848007,0.06224802451217545,0.0,0.0,0.0,0.0,0.0,0.0,0.008869537171423919,0.9994341142363797,0.004088839685969286,0.00020630899827846105,0.060651371122324965,0.26609515851073806
tv117,123.46,45,0.0,0.009233759922241912,0.04584480803499112,0.0,0.16717965332901347,0.0,0.0,0.0,0.05005669852583838,0.0,0.4053692761530672,0.9387261714334026,0.00020630899827846105,0.055875045399553395,0.35004420049607543
tv118,38.2,14,0.0,0.0,0.0,0.005235602094240725,0.016230366492146715,0.0,0.0,0.0,0.0,0.0,0.24089660691648035,0.9813753752651537,0.5,0.5,0.5555679955454085
tv119,179.29,43,0.03803893134028673,0.0,0.09838808634056564,0.0,0.0,0.0,0.0,0.0,0.0,0.0,0.9996320343701716,0.004088839685969286,0.00020630899827846105,0.004521877866023084,0.25211226523011054
tv120,95.97531249999999,31,0.0,0.04126061063880369,0.02208901377632925,0.04167738448364002,0.036467711423184966,0.0,0.0,0.0,0.0,0.0,0.3350931808096259,0.9999978130321572,0.001365285197515286,0.004521877866023084,0.33524453922633035
tv121,22.54,11,0.0,0.0,0.07985803016858918,0.0,0.0,0.0,0.0,0.0,0.0,0.0,0.5645625089987539,0.5,0.5,0.5,0.5161406272496885
tv122,150.36,37,0.0,0.0,0.0905826017557861,0.03844107475392392,0.024341580207501972,0.0,0.0,0.01995211492418196,0.0,0.0,0.5118624152730179,0.9999978130321572,0.00020630899827846105,0.6324515594512827,0.5361295241886841
tv123,49.580000000000005,13,0.0,0.0,0.0,0.0,0.0,0.0,0.0,0.0,0.0,0.0,0.24089660691648035,0.5,0.5,0.5,0.4352241517291201
tv124,122.6,30,0.03376835236541599,0.0,0.05334420880913534,0.038825448613376876,0.0238172920065253,0.0,0.0,0.0,0.0,0.0,0.9996320343701716,0.9999568740495751,0.001365285197515286,0.004521877866023084,0.5013690178708212
tv125,115.14,30,0.0,0.0,0.05419489317352787,0.0,0.0,0.0,0.0,0.048810144172312005,0.013375021712697641,0.0,0.5118624152730179,0.004088839685969286,0.001365285197515286,0.9995817375311179,0.3792245694219051
tv126,139.7443125,45,0.0,0.0,0.08121976341613188,0.007442163343857063,0.0,0.0,0.0,0.0,0.0,0.01717422310120854,0.5118624152730179,0.21781459257129543,0.00020630899827846105,0.060651371122324965,0.1976336719912292
tv127,178.70000000000002,36,0.0,0.0027979854504756574,0.1303861219921657,0.0,0.013989927252378312,0.0,0.0,0.0,0.012311135982092828,0.06681589255735872,0.44878282502985734,0.43721347427191987,0.00020630899827846105,0.866954988529952,0.4382893992075019
tv128,355.76,73,0.02451090622891835,0.0,0.09784686305374411,0.0,0.011974364740274317,0.0,0.0,0.009051045648751985,0.029795367663593503,0.038171801214301734,0.9996320343701716,0.43721347427191987,0.00020630899827846105,0.9968717705432173,0.6084808970458968
tv129,95.52000000000001,27,0.07893634840871022,0.0,0.08479899497487438,0.0,0.0,0.04396984924623118,0.08982412060301512,0.0,0.0,0.0,0.9999989492577062,0.004088839685969286,0.9999935496214726,0.004521877866023084,0.5021508041077928
tv130,97.22,20,0.0,0.0,0.08660769389014608,0.0,0.0,0.0,0.054721250771446205,0.0,0.0,0.0,0.3002002702918852,0.004088839685969286,0.9996931558402029,0.14660753386985984,0.3626474499219793
tv131,114.15,37,0.033639947437582154,0.0,0.14480946123521682,0.0,0.0,0.0,0.0,0.015067893123083652,0.0,0.030661410424879573,0.9996918776150855,0.004088839685969286,0.00020630899827846105,0.9607212199470636,0.4911770615615992
tv132,38.769999999999996,13,0.0,0.0,0.13721949961310292,0.0,0.0,0.0,0.0,0.0,0.0,0.05777663141604332,0.6076040908673526,0.5,0.5,0.9822077777448291,0.6474529671530455
tv133,58.239999999999995,13,0.0,0.0,0.13307005494505494,0.0,0.0,0.0,0.21926510989010983,0.3990384615384617,0.0,0.0,0.6076040908673526,0.5,0.9996931558402029,0.9998374375847068,0.7767836710730656
tv134,21.21,5,0.0,0.0,0.5473833097595473,0.0,0.0,0.0,0.0,0.0,0.0,0.0,0.6076040908673526,0.5,0.5,0.5,0.5269010227168381
tv135,123.42999999999999,38,0.0,0.0,0.1813173458640524,0.0,0.0,0.0,0.020254395203759202,0.0,0.016203516163007373,0.02430527424451106,0.5560165835999645,0.004088839685969286,0.581204772372965,0.22374901743842796,0.3412648032743317
tv136,49.900000000000006,13,0.0,0.0,0.3106212424849699,0.007615230460921893,0.007615230460921893,0.0,0.22044088176352702,0.0,0.0,0.1066132264529058,0.6076040908673526,0.9813753752651537,0.9996931558402029,0.9822077777448291,0.8927200999293846
tv137,85.16999999999999,13,0.0,0.0,0.12422214394739932,0.0,0.0,0.0,0.0,0.0,0.0,0.0,0.6076040908673526,0.5,0.5,0.5,0.5269010227168381
tv138,245.52000000000004,39,0.0,0.0,0.009612251547735413,0.0,0.0,0.0,0.0,0.0,0.0,0.0,0.5118624152730179,0.004088839685969286,0.00020630899827846105,0.004521877866023084,0.13016986045582218
tv139,24.88,9,0.0,0.0,0.0,0.0,0.0,0.0,0.0,0.0,0.0,0.0,0.24089660691648035,0.5,0.5,0.5,0.4352241517291201
tv140,80.94999999999999,23,0.11241507103150096,0.0,0.1430512662137122,0.0,0.0,0.0,0.025200741198270444,0.0,0.0,0.0,0.9999978494011043,0.004088839685969286,0.9019095771191421,0.00888593683645558,0.4787205507606678
tv141,129.2,39,0.0,0.018885448916408653,0.08297213622291023,0.0,0.008823529411764602,0.020743034055727555,0.0,0.0,0.0,0.02786377708978335,0.4053692761530672,0.43721347427191987,0.005748056719313311,0.060651371122324965,0.22724554456665635
tv142,103.60000000000001,24,0.0,0.0,0.0,0.0,0.0,0.0,0.0,0.0,0.021042471042470968,0.0,0.09502095012162115,0.004088839685969286,0.001365285197515286,0.019875295781199474,0.0300875926965763
tv143,59.69,19,0.0,0.0,0.20690232869827435,0.0,0.0,0.0,0.15178421846205398,0.0,0.0,0.0,0.3387673778533657,0.004088839685969286,0.9996931558402029,0.14660753386985984,0.37228922681234944
tv144,31.48,12,0.0,0.0,0.05717916137229978,0.0,0.0,0.0,0.0,0.0,0.0,0.0,0.5645625089987539,0.5,0.5,0.5,0.5161406272496885
tv145,104.84,20,0.0,0.0,0.07687905379626106,0.0,0.0,0.0,0.0,0.0,0.0,0.07897748950782142,0.3002002702918852,0.004088839685969286,0.5,0.9822077777448291,0.44662422193067086
tv146,391.92050000000006,100,0.03569601488056888,0.0036742145409591927,0.08790047981669752,0.00377627605598589,0.0,0.0,0.0340885460188992,0.033374115413712685,0.005817506356518808,0.0,0.9994341142363797,0.21781459257129543,0.581204772372965,0.9995817375311179,0.6995088041779395
tv147,8.0,2,0.0,0.0,0.5,0.0,0.0,0.0,0.0,0.0,0.0,0.0,0.6076040908673526,0.5,0.5,0.5,0.5269010227168381
tv148,43.94,12,0.0,0.05188893946290396,0.0,0.01593081474738278,0.0,0.0,0.04733727810650884,0.0,0.0,0.0,0.27157149222781296,0.8558503601492433,0.9996931558402029,0.5,0.6567787520543148
tv149,58.796125,13,0.0,0.0,0.0,0.0,0.0,0.0,0.0,0.0,0.1326618038178537,0.0,0.24089660691648035,0.5,0.5,0.8684381255758293,0.5273336831230775
tv150,20.7113125,9,0.0,0.0,0.0,0.14249760849294318,0.0,0.0,0.0,0.0,0.0,0.0,0.24089660691648035,0.9996173915459167,0.5,0.5,0.5601284996155993
tv151,74.39,18,0.0,0.0,0.05645920150557865,0.0,0.0,0.0,0.09221669579244521,0.030918134157817065,0.0,0.12662992337679793,0.3002002702918852,0.004088839685969286,0.9996931558402029,0.9990845568115172,0.5757667056573936
tv152,14.280000000000001,3,0.0,0.0,0.0,0.0,0.0,0.0,0.0,0.2394957983193277,0.0,0.0,0.24089660691648035,0.5,0.5,0.9998374375847068,0.5601835111252969
tv153,54.22,17,0.0,0.0,0.09184802655846555,0.005533013648100279,0.0,0.0,0.0,0.0,0.0,0.0,0.3002002702918852,0.21781459257129543,0.5,0.14660753386985984,0.2911555991832601
tv154,61.19,19,0.017976793593724488,0.0,0.028109168164732783,0.0,0.027782317372119676,0.08530805687203794,0.11014871711063902,0.0,0.0,0.0,0.9991010196953534,0.9387261714334026,0.9999935496214726,0.14660753386985984,0.7711070686550221
tv155,198.77,49,0.0738542033506064,0.0,0.13397393972933552,0.018614479046133843,0.016903959350002513,0.0,0.0,0.0,0.0,0.029380691251194847,0.9999991201952847,0.9999568740495751,0.00020630899827846105,0.060651371122324965,0.5152034185913658
tv156,202.35,68,0.0,0.0,0.09389671361502348,0.009883864591055103,0.0,0.0,0.014726958240672052,0.009686187299234041,0.0,0.1277983691623424,0.5118624152730179,0.21781459257129543,0.581204772372965,0.9981947518486949,0.5772691330164933
tv157,21.42,5,0.0,0.0,0.0,0.0,0.21101774042950527,0.0,0.0,0.0,0.0,0.0,0.24089660691648035,0.9943186938471683,0.5,0.5,0.5588038251909122
tv158,66.76000000000002,12,0.0,0.0,0.158178550029958,0.0,0.0,0.047333732774116385,0.0,0.05572198921509894,0.0,0.0,0.6076040908673526,0.5,0.9794171938702657,0.9998374375847068,0.7717146805805812
tv159,64.23,16,0.0,0.0,0.0,0.01432352483263275,0.0,0.0,0.0,0.0,0.0,0.0,0.09502095012162115,0.21781459257129543,0.5,0.5,0.32820888567322914
tv160,134.63,46,0.0,0.0,0.06269033647775384,0.03572754958033128,0.0,0.0,0.0,0.04516081111193651,0.027334175146698305,0.056005347990789565,0.5118624152730179,0.9919053513072539,0.00020630899827846105,0.9999995538215889,0.6259934073500348
tv161,211.51000000000002,56,0.02571982412179105,0.0,0.11167320694057024,0.022032055221975294,0.0041605597844073345,0.0,0.0,0.0,0.0,0.060422675050825055,0.9996320343701716,0.9999568740495751,0.00020630899827846105,0.5934403499041494,0.6483088918305436
